timestamp,machine_speed,stock_flow,steam_pressure,filler_flow,moisture,ash_content,caliper,basis_weight,recipe_target_bw,alarm_state
2026-07-26 00:00:00,1188.5492,398.861,33.3279,26.0352,8.0704,10.5002,98.08,78.5974,80.0,0
2026-07-26 00:01:00,1204.6663,404.2697,38.2301,27.1592,7.9173,10.0521,98.965,80.636,80.0,0
2026-07-26 00:02:00,1187.4192,395.9214,32.7824,25.3978,8.1699,10.0199,96.383,78.6287,80.0,0
2026-07-26 00:03:00,1217.22,395.9758,36.2791,25.624,7.5572,9.7917,102.058,81.7019,80.0,0
2026-07-26 00:04:00,1198.2635,395.8523,35.2182,26.1559,7.9082,10.5575,100.493,79.1227,80.0,0
2026-07-26 00:05:00,1195.4491,395.7045,34.6027,25.9921,7.5082,9.6637,97.969,79.862,80.0,0
2026-07-26 00:06:00,1199.4429,400.1159,36.6752,27.2103,7.9157,10.3244,101.011,80.5304,80.0,0
2026-07-26 00:07:00,1183.5899,404.232,35.5312,26.6833,8.7255,10.0162,98.263,78.5697,80.0,0
2026-07-26 00:08:00,1216.6592,394.3253,37.0418,25.6477,8.1585,9.5204,100.995,80.5555,80.0,0
2026-07-26 00:09:00,1210.0704,398.5168,36.5731,25.44,8.2542,10.2061,101.339,80.2799,80.0,0
2026-07-26 00:10:00,1180.7433,398.5155,33.6656,26.0382,8.0212,10.1054,99.883,79.0347,80.0,0
2026-07-26 00:11:00,1186.628,405.8433,34.2433,27.4682,7.8474,10.9314,100.537,80.0585,80.0,0
2026-07-26 00:12:00,1199.8055,402.8589,35.4986,26.3757,7.8724,10.599,100.415,80.3087,80.0,0
2026-07-26 00:13:00,1218.8949,404.3549,37.4827,25.6696,8.0369,9.7189,100.777,79.9634,80.0,0
2026-07-26 00:14:00,1195.6515,397.4459,33.1234,25.6883,7.8482,10.0992,99.478,79.6768,80.0,0
2026-07-26 00:15:00,1183.1007,396.4065,35.111,25.4454,8.592,10.1267,100.387,79.4022,80.0,0
2026-07-26 00:16:00,1223.8329,409.373,35.7206,26.7426,7.831,10.5155,103.474,82.3702,80.0,1
2026-07-26 00:17:00,1218.2912,397.8501,35.5334,25.7322,7.9018,10.388,100.304,81.5969,80.0,0
2026-07-26 00:18:00,1193.9861,403.9822,34.7594,25.9371,8.3221,10.1137,100.63,80.8232,80.0,0
2026-07-26 00:19:00,1209.4998,402.5611,33.8534,25.6323,8.1807,9.0508,102.506,80.5957,80.0,0
2026-07-26 00:20:00,1211.9377,396.2636,34.7616,25.6165,8.2359,10.2738,99.907,79.8641,80.0,0
2026-07-26 00:21:00,1202.9689,405.2974,34.0272,26.5622,7.5109,9.2359,101.598,81.0968,80.0,0
2026-07-26 00:22:00,1207.2048,412.3445,38.8473,27.303,7.6915,10.7284,99.412,80.2833,80.0,0
2026-07-26 00:23:00,1233.2173,400.6285,37.8866,25.7837,7.8037,10.3556,101.897,81.471,80.0,0
2026-07-26 00:24:00,1202.6008,404.2385,34.572,26.8406,8.0338,9.7406,102.932,81.8956,80.0,0
2026-07-26 00:25:00,1183.9334,398.694,32.3328,24.8761,8.5962,8.9547,99.556,79.7643,80.0,0
2026-07-26 00:26:00,1190.8128,392.7824,32.0497,26.342,8.0197,10.2155,101.036,79.8651,80.0,0
2026-07-26 00:27:00,1200.9114,402.254,34.4045,25.3011,8.1067,9.9725,100.912,81.3978,80.0,0
2026-07-26 00:28:00,1183.746,397.244,35.0955,25.4638,8.428,9.7975,98.779,78.403,80.0,0
2026-07-26 00:29:00,1195.4474,403.3604,36.3718,26.1242,7.3851,9.4583,100.2,79.6913,80.0,0
2026-07-26 00:30:00,1211.8327,396.6916,36.9794,25.4714,7.5327,10.3815,100.452,80.5005,80.0,0
2026-07-26 00:31:00,1203.8287,398.8243,35.9765,26.9187,7.8484,10.5139,98.434,79.2316,80.0,0
2026-07-26 00:32:00,1185.2219,401.6272,31.8287,25.7796,7.9649,9.2744,99.899,80.0955,80.0,0
2026-07-26 00:33:00,1187.8764,395.5113,32.6626,26.6701,7.8436,10.5308,100.27,79.8017,80.0,0
2026-07-26 00:34:00,1184.8644,389.2098,33.5877,23.3048,8.1461,7.8637,98.642,78.3673,80.0,0
2026-07-26 00:35:00,1211.8842,409.8814,38.1363,25.5403,8.1769,9.9702,102.279,79.4524,80.0,0
2026-07-26 00:36:00,1206.4041,394.2849,35.6933,25.6587,7.6427,9.0426,99.357,79.4423,80.0,0
2026-07-26 00:37:00,1207.6997,400.9276,34.5184,25.4434,8.3175,9.929,102.996,81.2625,80.0,0
2026-07-26 00:38:00,1217.1405,399.8803,36.1459,25.1748,7.6841,9.7513,100.565,80.3666,80.0,0
2026-07-26 00:39:00,1225.1104,404.8723,35.3749,26.0893,7.8402,10.4551,101.644,79.5849,80.0,0
2026-07-26 00:40:00,1186.8274,394.3983,34.9054,25.3282,8.2645,9.7683,101.541,80.7229,80.0,0
2026-07-26 00:41:00,1212.7637,402.7313,35.4025,25.793,8.1461,9.6748,99.067,79.6023,80.0,0
2026-07-26 00:42:00,1230.9525,402.6372,33.7477,25.8312,8.083,9.3558,102.886,81.8798,80.0,0
2026-07-26 00:43:00,1199.3148,393.3435,30.7622,25.5397,8.2486,9.354,101.745,79.779,80.0,0
2026-07-26 00:44:00,1193.5558,395.5316,34.9916,25.9592,7.9817,10.3019,100.12,80.3894,80.0,0
2026-07-26 00:45:00,1189.0388,407.1898,31.4365,26.8437,7.9048,10.3103,97.097,77.5138,80.0,1
2026-07-26 00:46:00,1171.0054,390.8372,29.0,25.3783,8.6673,9.9186,100.075,78.5118,80.0,0
2026-07-26 00:47:00,1177.2274,399.428,35.5839,25.2273,8.1078,9.7435,97.356,77.8604,80.0,1
2026-07-26 00:48:00,1197.6582,403.7583,33.1743,25.7554,7.6498,9.3887,94.058,76.4714,80.0,1
2026-07-26 00:49:00,1217.6095,399.0999,36.3306,25.615,8.1785,9.844,99.417,80.1423,80.0,0
2026-07-26 00:50:00,1204.7896,407.7298,33.2721,26.8219,7.7666,10.0466,101.456,81.5528,80.0,0
2026-07-26 00:51:00,1184.0477,399.7494,33.1732,25.3914,8.2769,8.9133,97.18,77.9021,80.0,1
2026-07-26 00:52:00,1167.8003,405.7909,32.3103,26.8272,7.8242,10.5634,98.101,77.7512,80.0,1
2026-07-26 00:53:00,1185.5486,413.3467,34.2111,26.1334,8.5537,9.7531,99.428,79.9513,80.0,0
2026-07-26 00:54:00,1213.6881,400.982,35.0233,26.0754,8.3079,9.8113,100.031,80.0027,80.0,0
2026-07-26 00:55:00,1191.0136,396.0204,34.1235,25.5299,8.3037,9.9889,99.443,80.5175,80.0,0
2026-07-26 00:56:00,1199.1201,404.0369,37.2451,26.5675,8.0336,10.0406,100.238,80.3794,80.0,0
2026-07-26 00:57:00,1197.1558,404.1362,35.198,26.7534,7.6722,10.1462,102.45,81.1874,80.0,0
2026-07-26 00:58:00,1196.5558,398.7915,32.7393,25.8113,7.8648,10.5217,105.18,82.3184,80.0,1
2026-07-26 00:59:00,1198.1149,403.3015,37.1583,25.9209,8.2103,10.0107,97.942,80.4278,80.0,0
2026-07-26 01:00:00,1208.2621,397.9332,34.2754,26.2585,8.1714,10.4049,97.219,79.0178,80.0,0
2026-07-26 01:01:00,1241.7903,400.5976,41.0441,25.6773,7.7552,8.7039,105.166,83.4833,80.0,1
2026-07-26 01:02:00,1182.6039,394.4429,31.8123,25.7591,7.9849,9.8441,98.497,79.2578,80.0,0
2026-07-26 01:03:00,1205.5521,407.2803,33.4025,26.5343,7.9686,10.3179,100.841,82.0047,80.0,1
2026-07-26 01:04:00,1180.8749,396.604,33.7379,25.5276,7.9864,9.6018,96.633,78.0331,80.0,0
2026-07-26 01:05:00,1199.3314,402.016,34.5283,25.7499,8.1602,10.3662,100.216,79.1893,80.0,0
2026-07-26 01:06:00,1209.2017,392.3729,37.0001,25.8873,8.1841,9.4546,100.676,80.0893,80.0,0
2026-07-26 01:07:00,1223.1447,407.8633,39.1667,26.6641,8.2622,10.3893,100.618,80.3478,80.0,0
2026-07-26 01:08:00,1182.0803,402.8909,35.7727,25.6366,7.9564,9.6752,101.595,80.956,80.0,0
2026-07-26 01:09:00,1190.104,404.446,35.7619,25.6296,8.0297,9.214,102.318,79.8425,80.0,0
2026-07-26 01:10:00,1190.382,412.5885,34.0056,27.3353,7.8781,10.4106,100.576,80.317,80.0,0
2026-07-26 01:11:00,1192.3728,396.9581,34.3389,26.7718,7.5199,10.0612,97.877,78.2364,80.0,0
2026-07-26 01:12:00,1194.6301,401.8823,32.7964,26.0536,8.2962,10.2462,101.313,80.8348,80.0,0
2026-07-26 01:13:00,1204.9688,398.1376,33.607,25.7819,7.6685,9.7762,102.513,80.6227,80.0,0
2026-07-26 01:14:00,1191.9072,399.9511,37.5296,26.3992,7.7249,10.4926,98.607,79.4283,80.0,0
2026-07-26 01:15:00,1210.8122,397.7296,37.2625,25.5403,7.8854,9.3644,103.991,82.2671,80.0,1
2026-07-26 01:16:00,1200.9106,391.8717,31.485,24.8155,8.345,9.3415,100.955,79.9724,80.0,0
2026-07-26 01:17:00,1194.4911,391.8325,34.1588,25.8132,8.026,9.0049,100.549,80.5152,80.0,0
2026-07-26 01:18:00,1201.4535,393.0843,32.8926,25.441,8.3581,9.9944,98.885,78.6303,80.0,0
2026-07-26 01:19:00,1205.63,393.2621,34.921,26.2017,8.2665,9.2153,99.188,79.8708,80.0,0
2026-07-26 01:20:00,1233.4575,401.1529,39.1587,26.1697,7.6068,10.5207,102.446,80.9405,80.0,0
2026-07-26 01:21:00,1193.1872,400.3485,33.2975,26.4014,7.828,10.0562,97.692,78.1431,80.0,0
2026-07-26 01:22:00,1226.2137,401.5088,37.884,25.7668,7.9328,9.499,101.467,81.7513,80.0,0
2026-07-26 01:23:00,1227.2222,403.5985,37.2975,26.5017,7.9174,10.3346,101.645,80.1184,80.0,0
2026-07-26 01:24:00,1194.7329,405.4113,35.5405,26.1436,8.0219,10.055,100.068,79.8972,80.0,0
2026-07-26 01:25:00,1197.1033,391.7462,36.1036,25.9283,8.072,9.1251,100.327,80.4867,80.0,0
2026-07-26 01:26:00,1211.0987,411.4431,36.046,27.4686,7.5285,10.7659,99.568,80.5959,80.0,0
2026-07-26 01:27:00,1205.0899,393.712,34.6168,25.5205,7.94,10.5213,99.949,80.2052,80.0,0
2026-07-26 01:28:00,1206.8818,404.205,38.2944,26.1548,8.2159,9.2386,102.365,81.1354,80.0,0
2026-07-26 01:29:00,1195.9318,394.3581,33.3639,24.733,7.975,9.5034,99.986,80.3204,80.0,0
2026-07-26 01:30:00,1185.6755,398.5451,36.8277,26.8191,8.0133,10.7605,98.17,79.1977,80.0,0
2026-07-26 01:31:00,1195.0214,393.9324,37.1457,26.6183,7.6962,10.0079,101.555,80.724,80.0,0
2026-07-26 01:32:00,1181.2241,394.8206,32.3183,26.295,8.4297,9.2353,98.096,78.6031,80.0,0
2026-07-26 01:33:00,1197.3323,395.0837,35.5467,25.0598,8.0001,9.5781,103.752,80.7931,80.0,0
2026-07-26 01:34:00,1211.6035,398.8482,37.5549,25.8881,7.6153,10.1997,97.014,79.0137,80.0,0
2026-07-26 01:35:00,1175.3594,401.7358,34.8942,25.6799,8.4211,9.4277,99.142,78.8336,80.0,0
2026-07-26 01:36:00,1191.9672,398.9689,33.5381,26.0125,7.4415,8.9273,101.498,79.5772,80.0,0
2026-07-26 01:37:00,1182.7121,402.7624,33.5798,25.994,7.848,9.1236,97.506,78.2104,80.0,0
2026-07-26 01:38:00,1180.1188,394.2135,34.1475,25.4924,8.2752,9.1435,95.478,77.7617,80.0,1
2026-07-26 01:39:00,1212.5507,402.6925,37.0286,25.0954,7.6055,9.9212,99.809,80.0782,80.0,0
2026-07-26 01:40:00,1188.8943,402.5472,33.5437,26.1371,7.7649,9.6528,97.851,79.256,80.0,0
2026-07-26 01:41:00,1212.9216,405.8367,38.5236,26.8281,7.4283,10.0875,101.493,81.722,80.0,0
2026-07-26 01:42:00,1185.7789,400.2266,32.2982,25.7939,8.0288,9.9853,99.528,79.3325,80.0,0
2026-07-26 01:43:00,1216.8996,395.7081,34.6263,25.1936,8.0392,8.7521,100.326,81.0646,80.0,0
2026-07-26 01:44:00,1196.3694,401.3946,36.0661,25.6178,7.594,9.6327,101.199,79.5798,80.0,0
2026-07-26 01:45:00,1205.667,394.916,34.6065,25.3432,8.1227,9.4672,101.255,79.9327,80.0,0
2026-07-26 01:46:00,1203.2403,399.3874,35.4093,25.6785,8.0955,9.7769,102.5,81.0437,80.0,0
2026-07-26 01:47:00,1186.7612,400.3241,35.1915,25.7292,8.147,9.7355,98.664,79.2665,80.0,0
2026-07-26 01:48:00,1217.6434,392.964,37.3166,26.6144,7.5803,9.877,99.332,80.1185,80.0,0
2026-07-26 01:49:00,1208.6583,404.2409,38.1907,25.9369,7.9062,9.6398,100.344,80.9897,80.0,0
2026-07-26 01:50:00,1187.0561,398.526,31.8988,25.773,7.9436,9.7943,98.288,78.9599,80.0,0
2026-07-26 01:51:00,1197.3767,404.3771,35.2768,26.6756,7.955,9.8425,101.245,80.4158,80.0,0
2026-07-26 01:52:00,1201.0159,401.4208,34.7712,26.1702,8.0621,10.5521,99.894,79.2402,80.0,0
2026-07-26 01:53:00,1221.2829,405.4876,37.0186,25.8633,8.3158,10.3284,102.124,80.0845,80.0,0
2026-07-26 01:54:00,1194.7947,400.534,34.1711,25.7423,8.3327,10.0099,98.469,80.3468,80.0,0
2026-07-26 01:55:00,1180.85,393.5818,35.2912,25.5296,8.1672,9.6128,101.16,79.2666,80.0,0
2026-07-26 01:56:00,1231.5542,409.6991,37.3504,26.7998,8.2349,10.1041,104.844,82.5007,80.0,1
2026-07-26 01:57:00,1217.3366,395.8831,33.9058,25.1083,7.8368,9.9086,101.362,81.4496,80.0,0
2026-07-26 01:58:00,1193.0465,398.4277,34.2421,26.3214,7.8612,10.0569,102.16,81.4996,80.0,0
2026-07-26 01:59:00,1213.9511,399.2199,35.6035,26.4118,7.9792,9.7086,101.817,80.6361,80.0,0
2026-07-26 02:00:00,1209.1921,392.7066,34.9129,25.1575,8.2735,9.7046,99.693,79.2916,80.0,0
2026-07-26 02:01:00,1205.3163,411.0107,36.065,26.6433,8.0947,10.2945,102.98,81.6983,80.0,0
2026-07-26 02:02:00,1207.5799,412.6324,38.3498,27.1526,7.8662,10.4768,102.28,80.0735,80.0,0
2026-07-26 02:03:00,1230.6625,396.2179,36.7167,25.5324,8.2875,9.3147,101.524,81.237,80.0,0
2026-07-26 02:04:00,1200.0645,400.4558,34.006,24.8646,8.1893,9.0169,101.702,81.2319,80.0,0
2026-07-26 02:05:00,1183.0342,398.5467,31.908,25.4533,8.2237,9.4238,95.665,78.8027,80.0,0
2026-07-26 02:06:00,1187.5821,391.9968,34.4573,26.7941,7.9446,9.7879,100.619,80.5767,80.0,0
2026-07-26 02:07:00,1198.0213,406.8238,35.0403,25.9889,8.2303,9.3589,100.499,81.2483,80.0,0
2026-07-26 02:08:00,1184.0157,401.7933,33.2432,25.9825,7.8681,10.2059,95.174,78.5242,80.0,0
2026-07-26 02:09:00,1197.9059,402.9484,38.2266,27.1868,7.9725,10.1944,101.403,79.4021,80.0,0
2026-07-26 02:10:00,1218.4905,397.6369,37.1861,25.5644,8.0544,9.6047,100.99,79.9955,80.0,0
2026-07-26 02:11:00,1205.5819,402.9242,35.0079,25.8731,8.0735,9.7978,98.043,79.6458,80.0,0
2026-07-26 02:12:00,1190.0714,399.2703,31.2168,25.4654,8.5376,8.8463,100.414,80.7979,80.0,0
2026-07-26 02:13:00,1182.096,399.5353,31.927,26.221,8.6402,10.1924,101.134,80.1689,80.0,0
2026-07-26 02:14:00,1188.9363,389.1263,32.8646,24.8105,7.9071,9.3308,95.611,78.1666,80.0,0
2026-07-26 02:15:00,1215.5344,417.8574,37.4793,27.6167,8.0192,10.0679,97.976,79.3565,80.0,0
2026-07-26 02:16:00,1210.7931,394.9539,36.5895,26.2602,7.7276,9.8223,99.939,79.8509,80.0,0
2026-07-26 02:17:00,1211.3204,400.4016,36.6988,26.812,8.0023,10.5275,100.479,80.6776,80.0,0
2026-07-26 02:18:00,1214.0848,400.5719,36.9047,26.6721,7.8043,10.0584,102.15,81.2051,80.0,0
2026-07-26 02:19:00,1227.9376,408.1435,36.5053,26.3899,7.7831,10.5861,99.528,80.1392,80.0,0
2026-07-26 02:20:00,1185.7428,392.7539,35.0748,24.7448,7.9353,9.937,105.94,82.1806,80.0,1
2026-07-26 02:21:00,1209.3547,396.9855,35.9425,25.3325,8.1016,10.2536,99.127,80.0658,80.0,0
2026-07-26 02:22:00,1225.4846,401.562,35.5201,27.2564,8.0184,10.5606,100.914,81.8815,80.0,0
2026-07-26 02:23:00,1197.5266,387.0765,30.9335,25.1542,8.2181,9.8408,100.853,80.0096,80.0,0
2026-07-26 02:24:00,1197.3375,394.5742,34.0975,25.9727,8.3682,9.1629,103.571,81.3595,80.0,0
2026-07-26 02:25:00,1182.7777,406.8874,33.1502,25.7114,8.4116,9.5954,95.139,77.2921,80.0,1
2026-07-26 02:26:00,1162.3593,395.332,29.9989,26.2781,8.3518,10.3806,96.1,77.3126,80.0,1
2026-07-26 02:27:00,1179.8181,398.9246,34.8652,26.0525,7.6447,10.0939,98.409,78.2126,80.0,0
2026-07-26 02:28:00,1189.1359,404.6939,33.771,25.9205,7.4784,8.9728,96.356,75.7612,80.0,1
2026-07-26 02:29:00,1212.5697,397.1222,35.2693,26.3108,7.9113,9.8928,99.991,79.7024,80.0,0
2026-07-26 02:30:00,1201.759,409.2756,31.6281,26.8216,8.373,9.9725,103.002,81.636,80.0,0
2026-07-26 02:31:00,1184.1428,391.6418,34.0848,24.3605,7.7901,9.3809,95.81,78.1965,80.0,0
2026-07-26 02:32:00,1167.0823,403.5886,32.8992,26.5681,8.4429,9.8863,94.818,77.1737,80.0,1
2026-07-26 02:33:00,1186.8763,409.8456,36.5098,26.7587,7.6921,10.0216,99.575,80.3431,80.0,0
2026-07-26 02:34:00,1207.7258,398.8055,37.3033,25.3115,8.2159,9.625,99.77,79.9313,80.0,0
2026-07-26 02:35:00,1185.0651,395.9777,34.4654,25.5387,8.364,9.6413,101.296,81.3971,80.0,0
2026-07-26 02:36:00,1204.8723,404.7225,38.4235,25.957,8.0109,10.0028,100.262,79.8208,80.0,0
2026-07-26 02:37:00,1199.9439,401.8158,36.755,26.7765,7.7096,9.7037,100.723,80.9394,80.0,0
2026-07-26 02:38:00,1189.6183,402.6303,32.7074,26.5111,8.5496,10.1205,101.583,82.0966,80.0,1
2026-07-26 02:39:00,1206.6062,405.2737,37.0713,26.3137,7.8469,10.1268,101.616,80.5777,80.0,0
2026-07-26 02:40:00,1207.2739,405.3041,32.2451,26.373,8.1373,9.5725,100.728,79.0746,80.0,0
2026-07-26 02:41:00,1242.4436,404.7601,41.5876,26.5323,7.6207,10.04,104.95,83.599,80.0,1
2026-07-26 02:42:00,1186.5713,393.933,32.4531,25.9472,7.8107,10.3112,97.332,78.3094,80.0,0
2026-07-26 02:43:00,1201.1811,400.8872,33.911,26.6785,8.2593,10.27,102.705,82.729,80.0,1
2026-07-26 02:44:00,1185.2145,393.1439,32.7031,26.4009,8.4551,10.166,98.112,78.5368,80.0,0
2026-07-26 02:45:00,1202.5534,402.4404,34.5397,25.7449,8.2668,9.331,101.225,80.4603,80.0,0
2026-07-26 02:46:00,1214.4099,389.9807,36.2056,25.0652,7.8647,10.0963,99.323,80.4237,80.0,0
2026-07-26 02:47:00,1214.7297,405.2027,39.2311,26.309,7.5892,9.5838,99.955,80.2169,80.0,0
2026-07-26 02:48:00,1183.5349,401.6021,34.7693,25.8742,7.8881,9.8312,99.958,79.7488,80.0,0
2026-07-26 02:49:00,1184.3879,402.0634,32.3666,26.595,8.5466,9.8565,99.423,79.34,80.0,0
2026-07-26 02:50:00,1189.4828,409.4554,35.4644,26.2848,8.252,9.8929,99.736,80.1567,80.0,0
2026-07-26 02:51:00,1194.7468,396.465,34.4895,25.7181,7.9945,10.2864,96.532,76.8596,80.0,1
2026-07-26 02:52:00,1195.8444,398.8637,32.4764,25.7844,8.0262,10.1009,100.883,80.8217,80.0,0
2026-07-26 02:53:00,1204.6617,400.157,32.5539,26.438,7.8415,10.2564,99.34,80.5161,80.0,0
2026-07-26 02:54:00,1192.018,401.9332,38.1244,26.7999,7.7422,10.4617,99.392,78.982,80.0,0
2026-07-26 02:55:00,1211.1979,397.7634,37.6124,25.5069,7.7147,10.3087,102.703,81.437,80.0,0
2026-07-26 02:56:00,1199.631,399.9851,32.167,25.6714,8.5159,8.7862,101.193,80.0969,80.0,0
2026-07-26 02:57:00,1201.0924,393.0361,32.0927,26.1141,7.7721,9.3062,101.421,80.1502,80.0,0
2026-07-26 02:58:00,1201.5184,396.6762,32.6383,26.2629,8.1447,9.941,99.428,79.0898,80.0,0
2026-07-26 02:59:00,1203.6887,396.4662,37.8784,26.1253,8.2333,9.248,98.957,79.5765,80.0,0
2026-07-26 03:00:00,1230.8835,404.377,38.4378,27.2187,7.8098,10.6812,101.025,80.7821,80.0,0
2026-07-26 03:01:00,1194.4528,398.5595,33.15,26.2271,8.0369,9.8246,100.616,80.2719,80.0,0
2026-07-26 03:02:00,1228.9387,403.4866,36.4433,26.301,7.4857,10.0783,102.068,81.7233,80.0,0
2026-07-26 03:03:00,1225.5535,399.5991,37.7446,25.6027,8.0838,9.8331,101.725,80.6357,80.0,0
2026-07-26 03:04:00,1194.5227,402.7099,34.9707,26.1219,7.9722,10.1234,98.576,79.889,80.0,0
2026-07-26 03:05:00,1200.8939,394.7603,36.1725,26.1194,7.7516,10.1951,102.393,81.1417,80.0,0
2026-07-26 03:06:00,1204.5853,410.959,36.258,27.1706,8.1495,9.9332,100.344,80.176,80.0,0
2026-07-26 03:07:00,1204.2203,397.6506,34.9478,25.4591,7.9908,9.3078,100.489,80.5627,80.0,0
2026-07-26 03:08:00,1198.322,408.7722,38.1388,25.9998,7.4563,9.8163,100.154,80.6095,80.0,0
2026-07-26 03:09:00,1196.145,394.6511,33.3412,24.5838,8.2132,9.3315,98.306,79.9744,80.0,0
2026-07-26 03:10:00,1189.953,399.0336,35.58,25.8141,8.2125,9.5858,98.919,79.6035,80.0,0
2026-07-26 03:11:00,1191.0637,390.8569,37.4016,25.8403,7.6993,9.2937,100.896,80.6574,80.0,0
2026-07-26 03:12:00,1184.5724,398.9014,33.559,26.2682,8.5518,9.3371,99.665,78.8237,80.0,0
2026-07-26 03:13:00,1196.4983,396.3277,37.3,25.7517,7.5929,9.8157,101.394,81.6087,80.0,0
2026-07-26 03:14:00,1212.9398,397.8639,37.1618,25.4154,8.3932,10.6231,101.636,79.4378,80.0,0
2026-07-26 03:15:00,1173.4253,397.6592,33.1654,26.7884,8.0241,10.6891,98.697,79.3037,80.0,0
2026-07-26 03:16:00,1193.5062,405.8337,35.6198,26.4004,8.5033,10.0168,97.838,78.9877,80.0,0
2026-07-26 03:17:00,1186.2441,398.1586,32.0246,25.8653,8.2335,11.1818,96.751,78.2476,80.0,0
2026-07-26 03:18:00,1176.5185,399.3327,33.66,26.656,8.0456,9.6916,96.8,78.6112,80.0,0
2026-07-26 03:19:00,1216.3503,399.4951,36.8136,26.6502,7.6665,9.8246,99.495,79.5321,80.0,0
2026-07-26 03:20:00,1186.4779,404.6445,33.0743,26.4476,8.0085,9.8276,98.003,78.5696,80.0,0
2026-07-26 03:21:00,1200.0942,406.2193,39.2111,25.796,7.3919,9.9202,104.405,82.7277,80.0,1
2026-07-26 03:22:00,1187.7769,394.4869,31.8993,26.0206,8.0237,10.5764,98.388,78.4912,80.0,0
2026-07-26 03:23:00,1216.443,395.8137,35.6315,26.1906,8.2833,9.5668,102.839,82.0573,80.0,1
2026-07-26 03:24:00,1196.6776,396.3307,34.8807,25.6635,7.8211,9.8701,98.619,78.9479,80.0,0
2026-07-26 03:25:00,1194.4921,394.3875,33.3585,26.4956,8.428,10.9003,100.238,80.516,80.0,0
2026-07-26 03:26:00,1205.3148,398.8522,36.576,25.737,7.8732,8.9542,102.893,80.7105,80.0,0
2026-07-26 03:27:00,1190.5956,404.4557,35.3246,26.5771,8.021,10.296,98.123,77.9914,80.0,1
2026-07-26 03:28:00,1217.6517,393.7466,36.8028,25.2657,7.9282,9.5242,100.354,80.5314,80.0,0
2026-07-26 03:29:00,1206.4486,401.9147,35.7509,25.8926,7.7733,10.0888,100.751,80.2839,80.0,0
2026-07-26 03:30:00,1177.7723,399.6679,32.6261,26.3221,8.407,9.3047,97.359,78.7841,80.0,0
2026-07-26 03:31:00,1191.3077,401.0364,35.3987,26.9007,7.8731,10.7796,100.707,79.5939,80.0,0
2026-07-26 03:32:00,1205.6234,406.192,34.8588,25.5452,7.8423,9.4579,97.857,79.9622,80.0,0
2026-07-26 03:33:00,1216.2463,402.6243,35.0095,27.0395,8.3458,10.5086,101.138,80.2148,80.0,0
2026-07-26 03:34:00,1189.1237,403.2918,34.7436,26.4947,7.8974,10.1496,99.665,79.9294,80.0,0
2026-07-26 03:35:00,1179.8101,395.6095,34.8889,24.7874,7.7221,9.1966,100.423,78.8864,80.0,0
2026-07-26 03:36:00,1231.4554,410.1608,37.1014,26.318,7.7511,10.4123,103.163,82.1449,80.0,1
2026-07-26 03:37:00,1221.8732,395.4038,35.1379,26.262,8.1666,9.3349,103.456,82.0191,80.0,1
2026-07-26 03:38:00,1190.0676,404.3631,34.3144,25.4121,7.9441,8.8107,99.668,80.9193,80.0,0
2026-07-26 03:39:00,1211.6903,399.0183,35.8281,25.5548,8.0255,9.3946,100.952,81.3419,80.0,0
2026-07-26 03:40:00,1207.3791,397.7266,33.8627,26.405,8.2431,9.5524,100.141,79.6174,80.0,0
2026-07-26 03:41:00,1197.2852,407.8362,36.3467,27.5457,8.1692,10.1219,101.763,81.735,80.0,0
2026-07-26 03:42:00,1207.5118,412.8042,37.2264,26.0485,8.2636,10.1396,99.625,79.6939,80.0,0
2026-07-26 03:43:00,1234.0481,399.2937,37.9611,26.1803,8.1308,9.8381,105.713,82.2395,80.0,1
2026-07-26 03:44:00,1198.7185,404.8337,33.2116,26.9343,8.1971,10.3124,99.803,80.8677,80.0,0
2026-07-26 03:45:00,1181.2161,395.9808,32.7622,25.6244,7.9632,9.8309,98.825,79.9666,80.0,0
2026-07-26 03:46:00,1189.0901,391.419,33.935,25.31,8.0459,9.9769,99.087,79.8317,80.0,0
2026-07-26 03:47:00,1198.4936,403.7772,34.1675,25.9784,7.7669,9.9954,101.403,81.5417,80.0,0
2026-07-26 03:48:00,1182.0703,398.7341,33.4157,26.1066,7.9651,9.7601,98.674,78.7345,80.0,0
2026-07-26 03:49:00,1195.0923,401.7972,36.1307,26.1415,8.147,9.5827,98.974,79.6994,80.0,0
2026-07-26 03:50:00,1218.1017,396.0936,36.3992,25.52,7.9725,9.1841,99.606,79.6425,80.0,0
2026-07-26 03:51:00,1208.3205,400.0931,37.1111,25.5546,7.7477,9.8359,97.834,78.9116,80.0,0
2026-07-26 03:52:00,1187.8773,399.4142,31.7677,26.5231,8.2531,10.2216,99.893,80.1186,80.0,0
2026-07-26 03:53:00,1186.6517,394.0176,32.0033,25.079,7.9519,8.9557,101.58,80.3008,80.0,0
2026-07-26 03:54:00,1186.0669,390.2171,33.3059,25.3509,8.3525,9.158,97.232,78.1248,80.0,0
2026-07-26 03:55:00,1214.7202,415.9912,36.0471,26.8537,7.927,10.6252,97.78,79.0682,80.0,0
2026-07-26 03:56:00,1202.6463,390.2264,36.2903,25.7396,8.3914,9.5672,100.473,79.5285,80.0,0
2026-07-26 03:57:00,1206.2703,397.5648,37.6944,26.3857,7.5679,10.1156,100.061,80.2977,80.0,0
2026-07-26 03:58:00,1216.857,399.9092,37.0115,26.032,7.6679,9.5468,100.71,80.2812,80.0,0
2026-07-26 03:59:00,1231.7649,405.0968,37.4657,26.5916,7.735,9.9842,100.697,80.6559,80.0,0
2026-07-26 04:00:00,1184.3341,397.5398,36.3403,25.5694,7.9715,9.0067,102.608,81.8718,80.0,0
2026-07-26 04:01:00,1209.4598,396.6467,35.8873,26.6736,7.9569,10.7517,99.22,79.6421,80.0,0
2026-07-26 04:02:00,1227.1205,407.376,36.0199,26.1445,7.9205,8.8636,102.29,81.8592,80.0,0
2026-07-26 04:03:00,1199.8956,389.4609,31.8856,26.4826,8.4732,10.4404,100.252,79.938,80.0,0
2026-07-26 04:04:00,1201.5845,392.638,35.0612,24.7968,8.1518,8.7469,100.555,81.1259,80.0,0
2026-07-26 04:05:00,1187.6608,408.636,32.708,26.3644,7.8083,9.9738,100.889,78.3454,80.0,0
2026-07-26 04:06:00,1165.6705,394.8514,29.0,25.7769,8.3617,9.9882,96.03,77.6178,80.0,1
2026-07-26 04:07:00,1178.624,401.068,35.2625,25.9651,7.6054,9.34,99.595,78.9869,80.0,0
2026-07-26 04:08:00,1197.7492,405.4558,34.0083,25.0805,8.4957,9.3932,95.047,75.7919,80.0,1
2026-07-26 04:09:00,1215.4147,397.6613,37.0236,26.4548,7.7038,9.7448,99.181,79.5557,80.0,0
2026-07-26 04:10:00,1207.7571,402.507,34.7079,25.9401,8.1443,9.9023,102.201,81.9408,80.0,0
2026-07-26 04:11:00,1187.754,392.5495,34.1263,26.1557,7.96,9.6847,99.55,78.7563,80.0,0
2026-07-26 04:12:00,1169.4457,402.0773,33.7987,25.8895,7.9653,8.9899,100.009,78.5024,80.0,0
2026-07-26 04:13:00,1178.7525,412.4607,35.0779,27.0492,7.5777,10.4903,98.979,80.4586,80.0,0
2026-07-26 04:14:00,1211.4058,398.2841,36.7958,26.4042,7.82,10.6106,103.067,80.194,80.0,0
2026-07-26 04:15:00,1190.7253,400.1072,34.7755,25.5842,7.9679,10.4217,100.703,79.9796,80.0,0
2026-07-26 04:16:00,1207.2917,404.1671,38.7175,26.7672,7.8697,10.7821,98.802,79.8335,80.0,0
2026-07-26 04:17:00,1199.759,401.8394,37.1905,26.2353,8.1803,10.0158,102.788,80.8498,80.0,0
2026-07-26 04:18:00,1197.3292,400.6315,32.8376,25.9407,8.508,9.777,104.265,82.5561,80.0,1
2026-07-26 04:19:00,1201.1825,401.4363,35.5323,27.0515,8.6171,10.1695,100.306,80.662,80.0,0
2026-07-26 04:20:00,1206.4879,407.9021,33.7095,27.4443,7.6201,10.8522,102.439,79.6286,80.0,0
2026-07-26 04:21:00,1249.3983,403.5778,41.3057,27.3443,8.1643,10.1198,103.844,83.0926,80.0,1
2026-07-26 04:22:00,1185.8965,393.745,32.3931,25.6735,8.2875,9.1409,99.572,78.7804,80.0,0
2026-07-26 04:23:00,1206.7483,404.3772,33.895,25.5702,8.2268,9.3127,102.658,82.3915,80.0,1
2026-07-26 04:24:00,1180.3295,397.5156,33.8494,25.025,8.022,9.5822,96.438,77.9472,80.0,1
2026-07-26 04:25:00,1196.7156,407.5988,35.0994,26.6456,8.0082,10.2441,102.342,80.8461,80.0,0
2026-07-26 04:26:00,1208.8532,396.4295,37.7647,25.4717,8.0075,10.0627,101.572,80.6085,80.0,0
2026-07-26 04:27:00,1222.2338,401.7299,38.5105,26.3189,7.9141,9.7681,103.924,80.4718,80.0,0
2026-07-26 04:28:00,1187.135,397.0228,35.9168,25.61,7.733,9.6568,102.901,80.7237,80.0,0
2026-07-26 04:29:00,1184.6757,400.2651,33.8415,25.2299,7.8878,9.8718,100.347,79.7358,80.0,0
2026-07-26 04:30:00,1195.334,412.4729,33.5745,26.857,7.8738,10.2797,102.788,81.1908,80.0,0
2026-07-26 04:31:00,1187.2803,396.1111,34.426,26.4187,7.8996,10.015,99.622,78.305,80.0,0
2026-07-26 04:32:00,1186.6034,398.6703,31.4793,25.7538,7.9142,9.6089,100.297,79.6749,80.0,0
2026-07-26 04:33:00,1203.4893,398.4821,33.2275,25.603,7.8911,10.0166,100.578,79.8578,80.0,0
2026-07-26 04:34:00,1193.8165,405.9358,38.5993,25.7396,8.0733,8.8515,96.885,78.3825,80.0,0
2026-07-26 04:35:00,1210.1733,399.1505,37.1648,26.0434,8.0671,10.0021,102.34,82.1545,80.0,1
2026-07-26 04:36:00,1202.1466,393.1265,33.0577,25.766,8.0277,10.2986,99.648,80.1469,80.0,0
2026-07-26 04:37:00,1203.3249,394.7361,31.9352,25.6183,7.9933,9.607,100.924,80.0095,80.0,0
2026-07-26 04:38:00,1202.5748,401.0131,31.0898,26.2988,7.868,10.1856,97.865,79.1524,80.0,0
2026-07-26 04:39:00,1205.5469,396.0613,34.7795,26.3633,7.984,9.826,99.311,80.075,80.0,0
2026-07-26 04:40:00,1230.2453,402.1482,37.5738,26.429,7.3718,10.3369,101.898,80.5569,80.0,0
2026-07-26 04:41:00,1186.25,402.7339,31.7832,24.8278,8.3481,9.3725,99.952,78.3566,80.0,0
2026-07-26 04:42:00,1230.3349,405.8576,36.7868,27.0028,7.9039,10.427,101.529,81.7553,80.0,0
2026-07-26 04:43:00,1225.469,401.6067,37.9002,26.1922,7.6128,9.9134,101.051,80.8759,80.0,0
2026-07-26 04:44:00,1196.1505,405.5652,35.454,25.6701,7.604,10.0445,100.771,80.0247,80.0,0
2026-07-26 04:45:00,1192.8961,391.8357,34.3463,25.7519,7.8335,10.1171,101.176,80.7768,80.0,0
2026-07-26 04:46:00,1205.997,407.9739,37.4808,26.1059,8.1055,9.8107,102.378,80.9452,80.0,0
2026-07-26 04:47:00,1208.9857,395.9503,34.9754,25.1843,8.1845,9.162,101.54,80.3106,80.0,0
2026-07-26 04:48:00,1203.3725,406.7871,36.4057,26.6095,7.9513,9.732,100.204,81.3384,80.0,0
2026-07-26 04:49:00,1197.6978,391.41,32.6173,25.9155,8.2295,9.1487,99.083,80.4656,80.0,0
2026-07-26 04:50:00,1184.5089,398.4039,37.0593,26.5974,7.951,9.8377,99.08,78.6604,80.0,0
2026-07-26 04:51:00,1195.9946,397.1548,37.2432,25.7388,8.0384,9.7763,102.294,80.0162,80.0,0
2026-07-26 04:52:00,1178.2997,398.493,31.8021,26.056,7.8563,9.6478,99.348,79.0561,80.0,0
2026-07-26 04:53:00,1189.6148,399.0446,37.2742,25.7501,7.8994,10.3161,99.975,81.2833,80.0,0
2026-07-26 04:54:00,1214.236,393.7536,36.8164,25.0879,7.8306,9.3085,97.04,78.4434,80.0,0
2026-07-26 04:55:00,1178.1114,397.8509,34.6806,24.5517,8.1261,9.3091,99.245,79.2434,80.0,0
2026-07-26 04:56:00,1191.3948,396.0995,33.5899,26.2319,7.9538,10.2493,100.306,79.8199,80.0,0
2026-07-26 04:57:00,1185.3244,397.2206,33.3416,25.9765,8.0379,9.7933,98.664,78.6743,80.0,0
2026-07-26 04:58:00,1182.3277,394.1519,32.795,25.8985,8.1931,10.142,99.546,78.4389,80.0,0
2026-07-26 04:59:00,1216.1141,404.0174,37.1884,26.2283,8.0509,10.5956,99.356,79.2975,80.0,0
2026-07-26 05:00:00,1180.3012,402.1699,31.5719,26.4536,8.0178,10.2495,96.615,78.3941,80.0,0
2026-07-26 05:01:00,1205.6944,403.0257,39.3647,25.866,7.8665,9.3976,102.584,81.3786,79.9625,0
2026-07-26 05:02:00,1188.7525,394.915,34.0594,26.3253,8.0159,10.2612,94.906,77.925,79.925,1
2026-07-26 05:03:00,1216.3742,395.3222,36.1822,26.3025,7.7158,9.8107,100.133,81.2819,79.8875,0
2026-07-26 05:04:00,1193.6174,396.1566,35.606,26.5248,8.0209,9.5749,98.441,80.3109,79.85,0
2026-07-26 05:05:00,1195.4214,389.431,34.256,24.8595,7.8842,9.9305,98.583,80.3319,79.8125,0
2026-07-26 05:06:00,1201.6278,394.9307,36.6928,26.0085,7.6406,9.9391,103.892,80.4929,79.775,0
2026-07-26 05:07:00,1184.3796,403.0838,32.6475,25.999,8.5548,9.5326,98.044,78.2482,79.7375,0
2026-07-26 05:08:00,1223.6896,388.1591,37.0538,25.0444,7.979,9.7628,98.405,80.3745,79.7,0
2026-07-26 05:09:00,1208.0187,401.6757,36.8649,26.2121,7.6546,9.96,100.785,79.5388,79.6625,0
2026-07-26 05:10:00,1182.206,393.9235,31.1068,25.5276,8.4446,9.3338,97.446,78.1081,79.625,0
2026-07-26 05:11:00,1192.438,396.6753,33.7932,25.0029,8.1494,9.6958,99.389,79.3902,79.5875,0
2026-07-26 05:12:00,1206.4481,403.8704,37.032,26.5884,7.9868,9.9771,100.674,79.337,79.55,0
2026-07-26 05:13:00,1217.1029,395.6183,35.1618,26.0701,8.0333,9.8534,97.505,78.8282,79.5125,0
2026-07-26 05:14:00,1196.8373,395.6303,33.4274,25.808,7.7978,10.5812,100.692,80.6027,79.475,0
2026-07-26 05:15:00,1178.2721,391.5814,36.0185,25.5338,7.583,9.7958,96.408,78.0284,79.4375,0
2026-07-26 05:16:00,1230.1261,408.947,35.9666,26.1162,7.9415,9.944,101.254,81.1181,79.4,0
2026-07-26 05:17:00,1222.319,392.931,36.0548,25.8006,7.5842,9.8558,103.044,82.0055,79.3625,1
2026-07-26 05:18:00,1192.8884,397.938,33.5332,26.8071,7.9748,10.1593,99.438,79.6516,79.325,0
2026-07-26 05:19:00,1214.4952,396.6139,36.3286,25.2606,7.484,9.7124,100.51,80.5403,79.2875,0
2026-07-26 05:20:00,1208.0426,396.6304,34.6017,25.5984,7.9021,9.667,98.324,78.8044,79.25,0
2026-07-26 05:21:00,1202.6354,399.8228,34.4826,25.7039,8.0469,10.0961,101.474,81.8089,79.2125,1
2026-07-26 05:22:00,1210.1455,406.7715,37.8691,26.1654,7.7633,10.4636,98.802,79.4986,79.175,0
2026-07-26 05:23:00,1234.3102,397.8502,36.3214,26.2679,8.0423,9.8847,100.718,80.7182,79.1375,0
2026-07-26 05:24:00,1195.3352,396.4727,33.3275,26.6224,8.1181,9.4453,100.233,80.6601,79.1,0
2026-07-26 05:25:00,1184.402,391.1392,32.2938,26.2655,8.2899,9.5491,98.696,79.2842,79.0625,0
2026-07-26 05:26:00,1188.9155,386.5161,35.1287,24.5206,8.0712,9.3287,97.904,78.7494,79.025,0
2026-07-26 05:27:00,1205.9872,396.5748,35.3775,25.8317,8.1309,9.9777,101.741,80.5565,78.9875,0
2026-07-26 05:28:00,1189.8642,391.591,33.1434,25.3268,8.0095,9.1453,99.456,78.9607,78.95,0
2026-07-26 05:29:00,1197.605,394.0216,35.5364,26.2675,8.1571,10.3197,97.768,78.8784,78.9125,0
2026-07-26 05:30:00,1222.307,387.6429,35.1475,26.0255,7.9934,9.5195,99.575,78.8192,78.875,0
2026-07-26 05:31:00,1208.6114,395.3957,35.4853,25.5526,8.028,8.7456,98.69,78.0359,78.8375,0
2026-07-26 05:32:00,1182.7401,389.6407,32.7238,24.5107,8.1391,9.1995,98.368,78.6072,78.8,0
2026-07-26 05:33:00,1186.5679,390.4918,31.1604,25.7602,8.1477,9.9102,99.242,78.7692,78.7625,0
2026-07-26 05:34:00,1188.9534,382.2977,31.4859,24.9158,8.3326,8.9882,95.192,77.2661,78.725,0
2026-07-26 05:35:00,1208.18,407.7842,38.1409,27.0371,7.4223,9.6779,95.169,77.5857,78.6875,0
2026-07-26 05:36:00,1206.4397,383.7304,37.2796,25.2921,7.5928,9.4475,97.738,78.2842,78.65,0
2026-07-26 05:37:00,1204.2456,389.1866,35.6555,25.4746,7.5447,9.3349,100.321,79.422,78.6125,0
2026-07-26 05:38:00,1218.837,390.8741,37.0333,25.1589,8.0354,9.8812,101.803,80.0964,78.575,0
2026-07-26 05:39:00,1231.8245,392.2238,36.049,25.0454,7.8302,9.7175,99.073,78.8305,78.5375,0
2026-07-26 05:40:00,1189.8548,382.6592,34.535,25.3533,8.1377,9.7934,100.019,80.661,78.5,1
2026-07-26 05:41:00,1211.6117,388.9037,34.3509,24.9271,8.4921,8.9116,96.256,78.2544,78.4625,0
2026-07-26 05:42:00,1232.848,396.8808,35.4723,25.9225,8.1496,9.3423,100.715,80.0105,78.425,0
2026-07-26 05:43:00,1193.8965,379.1094,31.9801,24.5245,7.6478,8.8873,97.453,78.0765,78.3875,0
2026-07-26 05:44:00,1199.0688,384.5025,34.2228,24.671,7.7851,10.036,99.362,78.995,78.35,0
2026-07-26 05:45:00,1178.1659,400.5715,32.3632,25.2014,8.4138,9.744,95.319,76.1193,78.3125,1
2026-07-26 05:46:00,1170.3396,378.1336,31.0556,25.0612,8.218,9.3744,94.695,76.1925,78.275,1
2026-07-26 05:47:00,1179.1626,384.0568,33.5643,25.9182,8.3428,9.8003,94.287,77.2663,78.2375,0
2026-07-26 05:48:00,1198.2267,389.4499,33.9047,24.5883,8.545,8.9007,91.539,74.8812,78.2,1
2026-07-26 05:49:00,1214.8183,382.3656,33.7593,25.6276,7.8849,9.6466,96.844,77.7391,78.1625,0
2026-07-26 05:50:00,1208.1373,392.9215,34.2137,24.4519,8.6385,9.5762,99.752,80.7784,78.125,1
2026-07-26 05:51:00,1183.6272,382.6691,32.2329,25.4867,8.1357,9.6876,93.626,75.14,78.0875,1
2026-07-26 05:52:00,1168.5758,390.9196,32.734,25.3233,8.1243,9.3893,95.049,75.7587,78.05,1
2026-07-26 05:53:00,1194.0729,397.3884,36.0224,26.0419,8.1429,10.4492,97.536,77.4886,78.0125,0
2026-07-26 05:54:00,1215.2423,385.873,36.7788,24.9934,8.7934,9.1415,95.057,77.6091,77.975,0
2026-07-26 05:55:00,1192.2171,385.7498,33.3318,26.5107,8.1073,9.7532,98.224,78.8475,77.9375,0
2026-07-26 05:56:00,1209.7267,393.1645,37.4847,25.6032,8.2842,9.295,98.107,78.3667,77.9,0
2026-07-26 05:57:00,1203.5333,387.5628,35.6464,24.3453,8.2268,9.9927,100.452,78.649,77.8625,0
2026-07-26 05:58:00,1197.8772,384.302,31.4339,25.3095,8.2533,9.6138,99.546,79.9681,77.825,1
2026-07-26 05:59:00,1209.8425,386.096,35.7051,26.0262,8.0827,9.4206,95.251,78.3418,77.7875,0
2026-07-26 06:00:00,1207.0519,388.6557,34.2318,24.8951,7.8365,9.4468,94.518,77.0886,77.75,0
2026-07-26 06:01:00,1244.9511,382.5224,41.8228,25.5906,7.5219,9.7244,103.382,81.387,77.7125,1
2026-07-26 06:02:00,1183.8215,380.3853,31.526,23.7957,7.8772,9.1979,94.339,76.8155,77.675,0
2026-07-26 06:03:00,1210.4838,387.4769,33.0133,26.1148,8.3307,10.6129,100.503,80.1246,77.6375,1
2026-07-26 06:04:00,1176.1954,380.7305,32.7635,24.3446,7.8707,9.7797,93.702,75.4024,77.6,1
2026-07-26 06:05:00,1197.9865,386.9792,36.0334,25.7526,7.9302,9.139,95.937,77.6304,77.5625,0
2026-07-26 06:06:00,1208.5351,380.9235,36.2578,25.3104,7.5338,10.2632,95.371,77.143,77.525,0
2026-07-26 06:07:00,1222.8803,388.4071,39.2159,26.0021,7.528,10.0297,99.543,78.817,77.4875,0
2026-07-26 06:08:00,1185.4173,383.915,36.4209,25.8366,7.4961,10.4149,95.849,77.8001,77.45,0
2026-07-26 06:09:00,1189.488,387.8949,33.9654,25.7953,8.0571,10.2455,99.281,77.4808,77.4125,0
2026-07-26 06:10:00,1190.5523,395.72,34.4258,25.4145,7.8354,9.4432,96.003,78.2435,77.375,0
2026-07-26 06:11:00,1190.6902,376.877,35.072,24.406,7.9488,9.3262,95.562,75.9723,77.3375,0
2026-07-26 06:12:00,1198.7395,383.0399,31.7234,24.7609,8.5,9.9166,98.113,78.0435,77.3,0
2026-07-26 06:13:00,1207.8293,378.5975,33.126,24.9274,8.456,9.3689,96.943,78.0895,77.2625,0
2026-07-26 06:14:00,1194.4625,385.8653,38.3316,24.9174,7.3799,9.1861,94.067,76.578,77.225,0
2026-07-26 06:15:00,1220.5895,385.455,36.5699,25.0334,7.5325,9.9562,100.915,79.5514,77.1875,1
2026-07-26 06:16:00,1204.3486,381.6501,33.8789,25.3432,8.2145,9.4303,96.518,77.1787,77.15,0
2026-07-26 06:17:00,1207.3569,373.2374,33.7078,25.2674,8.1484,9.6326,95.546,77.4633,77.1125,0
2026-07-26 06:18:00,1203.895,377.2025,31.3944,24.5995,8.3364,9.6653,96.611,76.3983,77.075,0
2026-07-26 06:19:00,1206.9427,377.0957,34.602,24.7869,8.1722,9.7581,95.87,77.5793,77.0375,0
2026-07-26 06:20:00,1232.0932,383.8977,35.6315,25.1683,8.2398,9.4274,98.405,78.5708,77.0,0
2026-07-26 06:21:00,1201.6008,379.0501,34.8859,24.9075,8.113,9.3122,94.319,76.5646,76.9625,0
2026-07-26 06:22:00,1236.075,383.2127,36.9882,25.4997,7.9984,9.6835,99.234,77.8986,76.925,0
2026-07-26 06:23:00,1225.8127,385.8381,37.2876,25.3878,7.8583,9.708,96.754,78.1898,76.8875,0
2026-07-26 06:24:00,1195.7838,388.1098,36.0274,25.759,7.6759,9.527,98.86,77.1324,76.85,0
2026-07-26 06:25:00,1204.6493,366.4314,36.552,24.0515,7.9585,8.7427,97.246,77.9543,76.8125,0
2026-07-26 06:26:00,1212.3475,387.3453,35.1698,24.4307,8.1387,9.2057,96.122,77.5127,76.775,0
2026-07-26 06:27:00,1210.6406,375.8093,35.3802,24.6352,7.6828,8.824,95.102,77.598,76.7375,0
2026-07-26 06:28:00,1198.8325,384.7222,36.5023,25.5922,8.3752,9.6599,98.328,78.2597,76.7,0
2026-07-26 06:29:00,1198.4554,370.0598,33.0456,23.9222,8.3785,8.5119,97.826,77.9456,76.6625,0
2026-07-26 06:30:00,1189.9622,377.9688,35.0229,25.2707,7.5503,9.7745,94.366,74.8508,76.625,0
2026-07-26 06:31:00,1198.4772,372.0106,36.3164,23.8907,8.002,8.564,96.615,77.0728,76.5875,0
2026-07-26 06:32:00,1186.3585,378.3216,31.8273,24.6878,8.0869,9.9208,94.044,75.374,76.55,0
2026-07-26 06:33:00,1195.0774,375.4291,37.0244,24.5621,8.2772,9.3945,94.575,77.621,76.5125,0
2026-07-26 06:34:00,1213.6319,369.8304,35.9254,23.2436,8.209,9.2897,93.639,75.1785,76.475,0
2026-07-26 06:35:00,1177.3609,376.5658,34.4486,24.2797,8.2821,9.2676,95.937,76.0364,76.4375,0
2026-07-26 06:36:00,1187.1981,379.3525,33.3576,24.2445,8.1555,9.0014,96.669,75.7854,76.4,0
2026-07-26 06:37:00,1190.6226,380.907,33.6431,24.8408,8.258,9.7413,95.411,75.5791,76.3625,0
2026-07-26 06:38:00,1187.2328,373.8095,34.1314,24.7313,8.3132,9.3912,94.126,74.7728,76.325,0
2026-07-26 06:39:00,1214.3303,376.3506,37.7828,23.7028,7.4983,9.6231,94.525,75.7678,76.2875,0
2026-07-26 06:40:00,1186.2494,374.5111,32.9139,24.1908,8.1582,8.5396,93.829,75.4771,76.25,0
2026-07-26 06:41:00,1209.4225,379.8836,38.7462,25.093,7.7523,9.6782,95.289,79.0051,76.2125,1
2026-07-26 06:42:00,1188.0182,366.1762,33.1516,24.5845,8.1257,9.4301,95.943,75.9442,76.175,0
2026-07-26 06:43:00,1225.6285,369.2675,35.4609,24.8079,8.2107,10.2177,98.243,78.0099,76.1375,0
2026-07-26 06:44:00,1196.2247,371.0028,35.7874,24.2766,7.8419,9.0066,95.057,75.8052,76.1,0
2026-07-26 06:45:00,1207.6437,367.4949,33.9057,24.0718,7.7382,8.9357,94.597,76.0094,76.0625,0
2026-07-26 06:46:00,1208.7296,376.5961,35.688,25.1385,7.6427,9.6858,97.207,77.0057,76.025,0
2026-07-26 06:47:00,1187.5687,379.2272,34.8069,25.1655,8.199,10.0906,92.719,73.9058,75.9875,1
2026-07-26 06:48:00,1228.5336,363.0843,37.2452,24.4947,7.554,9.6237,94.453,76.1648,75.95,0
2026-07-26 06:49:00,1214.7582,372.1587,36.8829,23.8238,7.7616,9.3527,94.904,76.2958,75.9125,0
2026-07-26 06:50:00,1187.8838,373.0074,30.7864,24.747,8.3669,8.8008,93.525,74.8754,75.875,0
2026-07-26 06:51:00,1197.6366,371.1849,34.9806,24.6754,7.7804,9.3722,95.507,76.5322,75.8375,0
2026-07-26 06:52:00,1209.868,377.0976,34.6049,25.2342,7.541,9.2608,92.279,75.6833,75.8,0
2026-07-26 06:53:00,1219.3637,369.4697,35.6282,23.1418,7.9322,8.2361,94.571,75.4931,75.7625,0
2026-07-26 06:54:00,1195.5723,371.1659,33.5096,24.4202,8.1306,9.6325,93.738,75.4342,75.725,0
2026-07-26 06:55:00,1188.5541,373.6677,35.5674,24.9953,7.6292,9.2341,94.904,75.0142,75.6875,0
2026-07-26 06:56:00,1238.6712,380.7246,36.3704,25.5043,8.0518,9.5416,99.337,77.3289,75.65,0
2026-07-26 06:57:00,1221.3747,367.5179,35.2918,24.626,7.6846,9.1081,94.448,77.8433,75.6125,1
2026-07-26 06:58:00,1201.9196,375.7544,33.676,23.6292,7.616,9.5199,96.015,75.828,75.575,0
2026-07-26 06:59:00,1212.968,371.6637,36.0876,24.0917,8.0977,9.6543,95.195,76.6514,75.5375,0
2026-07-26 07:00:00,1216.8722,372.1909,35.5761,24.7729,8.0133,9.7654,94.336,76.221,75.5,0
2026-07-26 07:01:00,1206.3499,384.04,35.3375,24.9544,8.0086,10.3216,95.827,77.4291,75.4625,1
2026-07-26 07:02:00,1210.607,381.0304,36.8794,24.366,7.5087,9.8605,95.233,75.9782,75.425,0
2026-07-26 07:03:00,1235.1326,374.6573,38.4423,24.2113,7.2782,9.9245,97.514,77.5934,75.3875,1
2026-07-26 07:04:00,1195.1087,370.7971,34.5172,24.2852,7.9543,8.4563,98.858,76.6784,75.35,0
2026-07-26 07:05:00,1189.074,357.9774,33.2028,23.7921,7.956,9.2046,94.582,76.2434,75.3125,0
2026-07-26 07:06:00,1195.0159,364.4186,33.0915,23.9025,7.8846,8.1257,94.759,76.7177,75.275,0
2026-07-26 07:07:00,1210.2373,374.0641,34.3993,24.2434,8.0126,9.3555,93.839,76.9041,75.2375,0
2026-07-26 07:08:00,1183.5219,363.1954,33.2966,24.3285,8.2841,8.9425,92.524,74.8402,75.2,0
2026-07-26 07:09:00,1200.7758,365.4901,36.3491,23.5214,7.6378,8.8491,93.496,74.6787,75.1625,0
2026-07-26 07:10:00,1215.5192,362.7631,35.3643,24.609,7.977,9.5508,89.614,73.8432,75.125,0
2026-07-26 07:11:00,1208.1726,364.5602,37.5537,23.7423,7.7877,8.0614,92.281,74.9033,75.0875,0
2026-07-26 07:12:00,1192.965,366.4684,31.7167,24.5452,8.73,9.3656,93.935,75.3272,75.05,0
2026-07-26 07:13:00,1189.5601,361.7831,33.4698,23.6636,7.9606,9.1363,92.523,75.1059,75.0125,0
2026-07-26 07:14:00,1197.2113,362.2033,34.6125,25.1784,7.7662,9.8232,92.112,72.7101,74.975,1
2026-07-26 07:15:00,1218.9648,382.1919,38.621,25.7788,7.8036,9.8309,93.037,74.5694,74.9375,0
2026-07-26 07:16:00,1211.2044,358.383,37.0504,24.1961,8.554,8.7631,93.237,74.5917,74.9,0
2026-07-26 07:17:00,1200.9886,366.0295,36.0675,23.5609,7.6678,9.6322,94.464,76.1772,74.8625,0
2026-07-26 07:18:00,1227.5628,366.4308,36.3891,24.1149,7.7091,9.1462,93.626,75.7183,74.825,0
2026-07-26 07:19:00,1236.2948,372.8843,35.7661,24.4947,7.9043,9.4401,96.652,75.9585,74.7875,0
2026-07-26 07:20:00,1198.9541,355.1048,34.4923,22.8625,7.7363,9.5342,95.468,76.7283,74.75,1
2026-07-26 07:21:00,1219.1089,365.0196,34.4762,24.5646,8.2169,8.7025,91.095,74.3024,74.7125,0
2026-07-26 07:22:00,1237.0624,370.7452,35.3099,25.2744,7.739,9.3538,95.453,76.6078,74.675,1
2026-07-26 07:23:00,1200.8512,353.6176,31.5957,22.9813,8.2378,9.0763,93.501,74.4608,74.6375,0
2026-07-26 07:24:00,1204.2173,361.6492,35.7322,23.4883,7.8961,8.9801,96.622,76.0886,74.6,0
2026-07-26 07:25:00,1185.3005,370.7039,30.7861,24.9976,8.4856,9.4136,91.368,71.854,74.5625,1
2026-07-26 07:26:00,1170.2593,348.7671,29.6282,23.306,8.6389,9.2053,92.478,73.0752,74.525,0
2026-07-26 07:27:00,1183.7292,365.176,35.1532,24.3217,8.0806,8.8172,91.677,72.8778,74.4875,0
2026-07-26 07:28:00,1197.9842,364.8906,33.7581,24.1322,7.8744,9.0597,88.252,70.664,74.45,1
2026-07-26 07:29:00,1218.0268,360.2845,35.573,23.3718,8.0192,8.8607,92.652,74.8593,74.4125,0
2026-07-26 07:30:00,1216.3835,369.1791,32.3814,24.0038,8.0363,8.6587,97.347,76.2568,74.375,1
2026-07-26 07:31:00,1190.3743,354.4413,32.7806,23.6383,8.1896,9.0825,88.908,71.3251,74.3375,1
2026-07-26 07:32:00,1170.8128,364.2084,33.039,24.1615,8.0172,9.197,91.467,72.3669,74.3,1
2026-07-26 07:33:00,1191.146,368.8243,35.8353,23.886,7.924,8.1906,93.585,73.9374,74.2625,0
2026-07-26 07:34:00,1219.1713,358.6979,36.8142,24.1858,7.7524,9.4326,91.399,74.3922,74.225,0
2026-07-26 07:35:00,1194.7601,355.002,33.672,23.3057,8.1239,8.3447,94.625,75.2341,74.1875,0
2026-07-26 07:36:00,1208.1857,364.416,38.1408,24.6901,8.3124,9.4817,91.81,74.1022,74.15,0
2026-07-26 07:37:00,1198.5849,366.8869,36.4366,24.5335,8.3142,9.299,91.772,74.7658,74.1125,0
2026-07-26 07:38:00,1200.0302,362.343,32.7782,24.31,8.078,8.8239,93.755,75.8221,74.075,0
2026-07-26 07:39:00,1208.6663,362.2208,36.3818,24.1547,7.9908,8.929,93.338,74.4732,74.0375,0
2026-07-26 07:40:00,1211.7951,361.7461,32.5551,24.1823,7.7422,8.6153,93.013,72.94,74.0,0
2026-07-26 07:41:00,1255.8087,358.3445,40.4028,23.7064,7.8654,9.1908,97.298,77.4545,73.9625,1
2026-07-26 07:42:00,1186.3073,346.3738,33.6101,22.292,8.3277,8.8,92.318,73.1503,73.925,0
2026-07-26 07:43:00,1213.0958,363.8899,32.2235,23.7928,7.7845,9.3244,95.2,76.3424,73.8875,1
2026-07-26 07:44:00,1186.955,353.4424,31.923,23.6608,7.8684,8.7973,90.162,72.4351,73.85,0
2026-07-26 07:45:00,1202.4195,360.6959,35.3738,24.1334,7.6284,8.5151,90.442,73.4031,73.8125,0
2026-07-26 07:46:00,1216.6526,356.6404,35.426,24.1909,7.936,8.9879,90.192,73.1766,73.775,0
2026-07-26 07:47:00,1224.0701,362.4434,40.4323,23.278,7.4479,8.4352,91.062,73.2911,73.7375,0
2026-07-26 07:48:00,1186.7971,359.2211,36.4777,23.8442,8.0607,9.4433,92.248,74.0315,73.7,0
2026-07-26 07:49:00,1198.3125,357.2598,32.8372,23.8464,8.2235,8.891,89.626,73.7924,73.6625,0
2026-07-26 07:50:00,1204.7678,368.4567,33.9012,25.0207,7.7074,8.8695,91.962,74.4106,73.625,0
2026-07-26 07:51:00,1192.4833,356.302,33.3097,24.4933,7.8665,9.445,88.622,72.0176,73.5875,0
2026-07-26 07:52:00,1204.3165,354.6169,31.4884,22.7326,8.1224,8.1274,94.165,74.0071,73.55,0
2026-07-26 07:53:00,1209.1904,355.7452,33.1855,23.7298,8.0296,8.879,91.87,73.7572,73.5125,0
2026-07-26 07:54:00,1201.9897,359.0013,36.7829,23.5562,8.1181,9.4684,91.182,71.8703,73.475,0
2026-07-26 07:55:00,1217.8917,356.1644,37.7495,23.1446,7.9802,9.3569,94.572,75.5046,73.4375,1
2026-07-26 07:56:00,1205.0874,346.9909,34.338,23.0889,8.481,8.7046,90.833,73.6916,73.4,0
2026-07-26 07:57:00,1207.3347,350.8554,33.0493,23.9682,7.5699,8.6143,92.966,73.5717,73.3625,0
2026-07-26 07:58:00,1207.1167,354.1169,33.2778,22.7879,8.7764,8.4945,88.477,73.0678,73.325,0
2026-07-26 07:59:00,1212.1443,352.1684,35.6144,23.299,8.1265,8.8988,92.318,73.4154,73.2875,0
2026-07-26 08:00:00,1234.9847,357.0935,38.5185,23.9763,7.7371,9.4,93.659,74.7818,73.25,0
2026-07-26 08:01:00,1196.465,354.3671,33.9399,22.9225,7.8212,8.3479,90.949,71.6352,73.2125,0
2026-07-26 08:02:00,1228.7318,354.3788,37.0166,23.657,8.0683,9.4575,95.927,75.4287,73.175,1
2026-07-26 08:03:00,1236.8206,357.1434,37.5961,23.1103,8.2111,8.5307,91.289,74.4726,73.1375,0
2026-07-26 08:04:00,1204.7967,363.6435,35.7293,24.0938,8.1422,8.9782,90.309,73.4848,73.1,0
2026-07-26 08:05:00,1200.8459,342.6317,33.995,22.6005,8.3243,8.3083,90.576,73.985,73.0625,0
2026-07-26 08:06:00,1208.1444,364.2362,35.7767,24.7407,7.963,9.1674,91.613,73.7685,73.025,0
2026-07-26 08:07:00,1211.0988,345.3544,35.0092,23.2165,7.9053,9.5832,89.944,72.5228,72.9875,0
2026-07-26 08:08:00,1210.7531,358.8238,36.3819,23.4946,7.7197,9.3493,92.719,74.1382,72.95,0
2026-07-26 08:09:00,1207.4875,347.676,32.8394,22.9087,7.6702,8.5429,93.808,74.0852,72.9125,0
2026-07-26 08:10:00,1197.8066,355.1362,37.0756,22.9239,7.8341,8.9998,88.671,71.299,72.875,0
2026-07-26 08:11:00,1204.7059,348.41,36.8109,23.387,8.1735,8.5523,91.923,73.607,72.8375,0
2026-07-26 08:12:00,1189.3328,349.6769,32.077,21.99,8.6812,7.6341,87.376,71.4591,72.8,0
2026-07-26 08:13:00,1201.9134,349.7302,38.3008,23.6365,7.8137,9.1379,93.604,73.9487,72.7625,0
2026-07-26 08:14:00,1221.979,347.2852,37.0175,22.4642,7.4908,9.6124,89.975,71.9036,72.725,0
2026-07-26 08:15:00,1181.2966,347.3729,33.9086,22.5797,7.9933,8.4875,91.379,73.129,72.6875,0
2026-07-26 08:16:00,1191.7629,351.1664,34.5972,23.3564,8.1389,8.7722,91.813,72.5524,72.65,0
2026-07-26 08:17:00,1191.4352,359.9889,31.5222,23.6706,8.6273,8.3916,88.837,71.1245,72.6125,0
2026-07-26 08:18:00,1186.314,348.0605,33.0292,22.5437,8.1753,8.022,90.246,71.3173,72.575,0
2026-07-26 08:19:00,1217.1623,350.3429,37.2339,23.0877,8.1949,8.7563,89.756,71.7249,72.5375,0
2026-07-26 08:20:00,1192.2313,352.153,31.4712,24.0553,8.3919,9.0752,90.265,70.8157,72.5,0
2026-07-26 08:21:00,1218.4629,355.1812,40.2078,23.2791,7.8121,8.6797,92.159,74.6468,72.4625,1
2026-07-26 08:22:00,1193.4847,344.5766,33.6512,21.984,8.1804,8.2059,91.141,72.2611,72.425,0
2026-07-26 08:23:00,1226.7395,349.3867,36.7664,23.8659,7.9806,9.0076,92.141,74.6471,72.3875,1
2026-07-26 08:24:00,1202.793,345.2077,35.2687,22.2983,7.9311,8.5402,90.247,72.0858,72.35,0
2026-07-26 08:25:00,1205.1197,345.1769,34.4185,22.5968,8.0411,8.8978,90.651,73.0575,72.3125,0
2026-07-26 08:26:00,1210.0799,347.4136,37.5181,23.4928,7.734,9.2834,91.325,73.1389,72.275,0
2026-07-26 08:27:00,1190.0311,350.9998,36.1227,23.3492,8.1324,9.0562,87.878,70.7467,72.2375,0
2026-07-26 08:28:00,1231.0945,343.8321,37.1574,22.999,7.5179,8.2895,93.09,73.8395,72.2,0
2026-07-26 08:29:00,1216.7914,344.4676,36.9066,22.9221,7.6834,7.9573,92.59,72.8698,72.1625,0
2026-07-26 08:30:00,1193.8107,344.8311,33.219,22.5807,8.3382,9.0732,90.876,71.4782,72.125,0
2026-07-26 08:31:00,1200.3709,349.3754,34.4995,23.499,7.8064,9.1559,91.917,72.2505,72.0875,0
2026-07-26 08:32:00,1210.2041,355.4766,34.5361,23.5653,8.1402,9.1189,89.546,72.2466,72.05,0
2026-07-26 08:33:00,1220.6256,345.2462,36.2791,22.1068,7.8325,7.9628,90.591,72.4914,72.0125,0
2026-07-26 08:34:00,1203.2693,350.0078,33.4171,23.4296,7.7624,9.2325,87.111,71.2291,71.975,0
2026-07-26 08:35:00,1189.0163,339.143,35.9942,22.356,7.9519,8.5436,88.264,70.9495,71.9375,0
2026-07-26 08:36:00,1241.4151,358.1721,37.032,24.0834,8.2151,9.3122,90.687,73.9859,71.9,1
2026-07-26 08:37:00,1229.8375,346.9523,35.5903,23.0776,7.9063,8.4509,93.519,74.7396,71.8625,1
2026-07-26 08:38:00,1202.0552,347.2207,34.3165,22.4679,8.2424,8.2844,90.719,72.3978,71.825,0
2026-07-26 08:39:00,1218.409,345.2782,34.5114,22.2656,8.2537,8.3673,91.464,73.5261,71.7875,0
2026-07-26 08:40:00,1217.573,346.8558,35.3971,23.3552,7.6368,9.1779,89.63,71.2296,71.75,0
2026-07-26 08:41:00,1216.6939,354.3437,35.427,23.1622,8.1884,9.4095,92.276,73.6784,71.7125,1
2026-07-26 08:42:00,1215.4882,358.0938,37.6081,23.2645,7.7132,8.6181,90.475,72.8123,71.675,0
2026-07-26 08:43:00,1239.9373,344.9644,38.8404,22.8256,8.0264,8.8948,89.428,73.3965,71.6375,0
2026-07-26 08:44:00,1211.1051,346.2478,33.7632,23.2682,8.0021,9.0124,91.177,72.9535,71.6,0
2026-07-26 08:45:00,1187.581,341.3488,33.1611,22.9796,8.2886,9.4162,91.304,72.6037,71.5625,0
2026-07-26 08:46:00,1202.457,342.9119,33.2586,22.5421,8.8953,8.3706,89.202,72.0291,71.525,0
2026-07-26 08:47:00,1213.0738,346.4963,34.3383,22.9338,7.9175,9.2092,93.041,73.4417,71.4875,1
2026-07-26 08:48:00,1188.2636,343.4415,32.5819,23.804,7.8674,9.0118,86.297,70.4209,71.45,0
2026-07-26 08:49:00,1205.5506,342.2872,36.5991,22.0861,7.945,8.773,89.351,70.9643,71.4125,0
2026-07-26 08:50:00,1227.7484,343.7417,36.1083,22.3808,8.1303,8.5241,89.427,71.2209,71.375,0
2026-07-26 08:51:00,1214.2083,345.6972,36.7789,23.0145,8.3024,9.2504,88.292,71.7606,71.3375,0
2026-07-26 08:52:00,1197.0536,337.8093,32.6847,22.8585,8.5173,8.502,90.22,71.4217,71.3,0
2026-07-26 08:53:00,1192.8219,339.2931,32.9664,22.3517,8.0697,9.0598,91.496,72.0294,71.2625,0
2026-07-26 08:54:00,1194.0367,331.2641,31.7178,21.9995,8.1067,8.0465,89.53,69.4794,71.225,0
2026-07-26 08:55:00,1220.5873,356.0499,36.5849,24.3476,7.5927,9.7134,89.294,71.5761,71.1875,0
2026-07-26 08:56:00,1216.4803,333.1501,34.2491,22.3838,7.8487,8.0257,88.818,70.9417,71.15,0
2026-07-26 08:57:00,1211.2178,341.0232,35.9025,23.1826,7.9457,9.1819,87.382,71.2565,71.1125,0
2026-07-26 08:58:00,1226.2135,339.3312,36.3255,21.7033,8.2036,7.7046,88.912,71.4682,71.075,0
2026-07-26 08:59:00,1243.8614,344.6655,34.785,22.4285,8.3964,8.3997,89.617,71.2683,71.0375,0
2026-07-26 09:00:00,1197.0502,327.1109,35.3448,22.1511,7.7573,8.881,91.441,72.7649,71.0,0
2026-07-26 09:01:00,1212.1576,338.2302,34.3485,23.5604,7.8867,9.0535,84.129,70.231,70.9625,0
2026-07-26 09:02:00,1239.9931,342.8164,36.0335,23.3707,7.9803,8.1759,88.821,72.9805,70.925,1
2026-07-26 09:03:00,1201.4882,331.9756,32.8877,23.1272,8.2337,8.963,90.988,70.4084,70.8875,0
2026-07-26 09:04:00,1203.0301,330.2517,35.3713,21.9591,8.1207,8.9563,91.352,72.0969,70.85,0
2026-07-26 09:05:00,1192.9576,350.2814,31.259,23.8888,7.8709,9.4421,85.179,67.9807,70.8125,1
2026-07-26 09:06:00,1178.9321,328.1584,29.0,21.4855,8.0704,7.911,86.642,68.9314,70.775,1
2026-07-26 09:07:00,1189.132,338.3128,33.4628,22.2628,8.3229,8.5132,85.078,68.8839,70.7375,1
2026-07-26 09:08:00,1210.0047,342.0833,33.4651,22.897,8.3931,9.3129,84.566,67.2006,70.7,1
2026-07-26 09:09:00,1223.537,335.9922,35.1182,23.0816,7.8368,9.3114,85.24,69.6455,70.6625,0
2026-07-26 09:10:00,1214.3389,341.9167,33.0025,22.62,8.1458,7.886,90.158,73.152,70.625,1
2026-07-26 09:11:00,1198.6267,337.145,34.9625,22.5579,8.2116,9.0039,86.077,68.125,70.5875,1
2026-07-26 09:12:00,1179.9469,338.4713,33.5697,23.1678,8.1737,8.0135,85.135,68.5648,70.55,1
2026-07-26 09:13:00,1200.8792,347.2505,37.1656,22.5286,7.6314,7.8989,90.953,71.2166,70.5125,0
2026-07-26 09:14:00,1216.8005,335.8337,36.3578,23.0936,7.9852,8.7664,86.987,70.8997,70.475,0
2026-07-26 09:15:00,1202.8815,332.2157,33.7433,22.7555,7.8017,8.2401,88.839,71.5289,70.4375,0
2026-07-26 09:16:00,1212.015,344.6752,37.5568,23.103,7.9717,9.237,87.695,71.385,70.4,0
2026-07-26 09:17:00,1211.0492,341.3879,35.782,23.8386,7.8784,9.0764,90.163,70.9205,70.3625,0
2026-07-26 09:18:00,1207.0736,331.123,32.9653,21.674,7.94,7.7068,91.177,72.4806,70.325,1
2026-07-26 09:19:00,1211.6295,332.5425,37.0423,22.3086,7.8921,8.8041,90.33,70.8977,70.2875,0
2026-07-26 09:20:00,1212.0516,337.3099,33.3099,23.0461,7.9281,8.0142,84.911,69.5348,70.25,0
2026-07-26 09:21:00,1257.4837,339.9503,40.8772,22.9185,7.3634,8.9362,93.25,74.5468,70.2125,1
2026-07-26 09:22:00,1194.0854,332.3596,32.8932,21.6671,8.2756,8.4743,86.465,69.5497,70.175,0
2026-07-26 09:23:00,1216.4293,339.6022,34.831,22.4472,7.8393,8.6721,89.27,71.911,70.1375,1
2026-07-26 09:24:00,1187.9029,329.4659,33.0108,21.3576,8.4459,9.3584,85.844,67.7315,70.1,1
2026-07-26 09:25:00,1207.7486,331.8983,35.4392,22.7465,8.2534,8.4266,87.282,70.4387,70.0625,0
2026-07-26 09:26:00,1218.3297,330.2094,35.9115,22.7079,8.1559,8.0741,88.89,70.7345,70.025,0
2026-07-26 09:27:00,1229.6287,338.7058,39.7308,22.1524,7.3756,8.6947,90.039,71.296,69.9875,0
2026-07-26 09:28:00,1187.1054,331.9591,35.8661,22.5486,8.0988,8.3244,89.753,70.5583,69.95,0
2026-07-26 09:29:00,1198.0231,333.8082,33.8737,21.3677,7.8469,7.9603,85.056,69.9982,69.9125,0
2026-07-26 09:30:00,1199.3076,345.9052,35.0569,22.4543,8.2504,7.8816,86.707,69.9111,69.875,0
2026-07-26 09:31:00,1198.1606,333.8812,34.1888,22.3135,7.7934,8.2544,84.707,68.317,69.8375,0
2026-07-26 09:32:00,1207.9364,336.8245,33.5297,22.3425,8.0222,8.3959,88.241,70.777,69.8,0
2026-07-26 09:33:00,1216.7841,337.3092,32.1328,22.2664,8.3436,7.7308,87.802,69.928,69.7625,0
2026-07-26 09:34:00,1203.5563,332.6411,37.2707,22.3098,7.7361,8.8673,86.018,69.0626,69.725,0
2026-07-26 09:35:00,1224.5774,328.0241,37.1825,21.3183,7.7698,7.615,91.144,71.9107,69.6875,1
2026-07-26 09:36:00,1214.3702,325.7531,32.7529,21.2862,8.1678,7.9852,89.551,70.4539,69.65,0
2026-07-26 09:37:00,1214.6765,319.8626,34.0581,21.8428,8.0156,8.3963,87.071,70.6788,69.6125,0
2026-07-26 09:38:00,1214.5906,328.4876,32.5023,21.2782,8.212,8.263,87.592,69.9391,69.575,0
2026-07-26 09:39:00,1215.3623,326.9733,36.6915,23.1078,7.9537,9.6275,88.872,69.7484,69.5375,0
2026-07-26 09:40:00,1242.2823,330.6688,38.1754,21.7812,7.4927,8.0734,85.722,70.3209,69.5,0
2026-07-26 09:41:00,1201.9619,327.4744,33.6904,21.7679,8.6758,8.4091,83.855,68.7045,69.4625,0
2026-07-26 09:42:00,1237.3107,333.6425,37.2796,22.3303,8.1522,8.6614,86.891,70.667,69.425,0
2026-07-26 09:43:00,1235.4825,333.4663,37.6133,22.6881,7.9727,8.7925,88.294,70.5978,69.3875,0
2026-07-26 09:44:00,1207.0793,336.6939,35.3733,22.1359,7.8053,7.3679,85.238,69.7623,69.35,0
2026-07-26 09:45:00,1213.8635,317.9497,34.9959,20.4811,8.2469,7.7717,86.568,70.085,69.3125,0
2026-07-26 09:46:00,1217.3677,335.5652,34.5061,22.2101,7.9172,8.3596,87.749,69.6065,69.275,0
2026-07-26 09:47:00,1216.1665,326.5064,35.6783,22.3992,7.981,8.1698,86.768,69.7745,69.2375,0
2026-07-26 09:48:00,1212.7886,332.3946,37.9759,22.1649,7.7726,8.5129,87.027,70.2088,69.2,0
2026-07-26 09:49:00,1208.0783,320.6241,33.904,21.5642,8.1208,8.4391,89.246,70.3974,69.1625,0
2026-07-26 09:50:00,1200.0589,326.0358,36.1778,22.0483,8.3611,8.4457,83.009,67.9289,69.125,0
2026-07-26 09:51:00,1205.9942,322.7805,37.0361,21.7614,7.7818,8.4612,86.487,69.5028,69.0875,0
2026-07-26 09:52:00,1194.8066,324.9954,29.9703,21.6369,8.64,8.1276,86.614,68.3984,69.05,0
2026-07-26 09:53:00,1203.1813,327.6474,36.121,22.627,8.058,8.1036,86.617,70.0588,69.0125,0
2026-07-26 09:54:00,1219.8454,320.1129,36.8363,21.1064,7.683,8.8151,85.538,67.2066,68.975,1
2026-07-26 09:55:00,1187.5461,326.9861,35.0939,22.176,8.5744,8.0638,82.612,68.0822,68.9375,0
2026-07-26 09:56:00,1205.2953,326.6631,35.122,21.5877,8.1857,8.2185,86.959,68.7391,68.9,0
2026-07-26 09:57:00,1192.7513,331.7131,33.9068,22.2698,7.7076,8.5731,83.892,67.8427,68.8625,0
2026-07-26 09:58:00,1183.6148,322.3605,33.1975,22.5615,8.03,8.0872,85.524,68.1594,68.825,0
2026-07-26 09:59:00,1228.7163,331.3711,36.8082,22.7371,7.6804,8.6239,87.027,68.3975,68.7875,0
2026-07-26 10:00:00,1195.0549,331.0117,31.8215,22.438,7.9881,8.6782,86.078,67.8874,68.75,0
2026-07-26 10:01:00,1224.8908,325.5895,37.627,21.8054,7.645,8.3778,88.067,70.7875,68.7125,1
2026-07-26 10:02:00,1200.9615,323.4783,32.4865,22.6176,8.1681,8.5571,85.384,68.1419,68.675,0
2026-07-26 10:03:00,1229.9056,320.1473,35.1603,21.9543,8.0368,8.5728,87.51,70.0033,68.6375,0
2026-07-26 10:04:00,1207.4458,321.9621,34.95,21.7261,8.1889,7.6501,84.589,68.8582,68.6,0
2026-07-26 10:05:00,1214.7173,316.7405,34.866,20.9063,8.0264,8.194,88.531,69.3357,68.5625,0
2026-07-26 10:06:00,1212.1558,321.8538,37.873,21.1629,7.8451,8.4109,83.095,68.6323,68.525,0
2026-07-26 10:07:00,1199.7168,325.6507,33.9113,22.1154,8.4362,8.315,84.617,67.7894,68.4875,0
2026-07-26 10:08:00,1233.8497,316.7219,37.8205,21.2238,7.6715,7.6057,87.866,69.5416,68.45,0
2026-07-26 10:09:00,1219.2346,321.6394,35.4361,21.895,8.1024,7.8377,85.063,68.7701,68.4125,0
2026-07-26 10:10:00,1199.9399,323.1937,32.111,21.4444,8.4355,8.1036,84.622,67.5185,68.375,0
2026-07-26 10:11:00,1203.3799,318.0765,34.5083,21.1939,8.2957,7.7294,84.429,67.9799,68.3375,0
2026-07-26 10:12:00,1217.1962,326.1714,34.7884,22.0978,7.8309,8.8607,84.965,68.0842,68.3,0
2026-07-26 10:13:00,1222.4717,325.2221,36.7497,22.2878,7.7975,7.8884,85.506,68.3443,68.2625,0
2026-07-26 10:14:00,1208.853,322.7454,32.888,21.4444,8.1136,8.017,86.015,67.8964,68.225,0
2026-07-26 10:15:00,1189.8384,314.69,35.5763,21.2383,8.1431,7.5101,87.044,67.8143,68.1875,0
2026-07-26 10:16:00,1243.0762,331.6012,37.6286,22.4128,8.1176,8.7851,84.876,69.1736,68.15,0
2026-07-26 10:17:00,1231.9189,315.5486,36.192,21.051,7.9018,8.409,88.091,70.1556,68.1125,1
2026-07-26 10:18:00,1205.8104,324.9983,33.9043,21.9992,8.4355,8.5689,88.252,69.5699,68.075,0
2026-07-26 10:19:00,1222.7166,321.3916,35.2412,22.6855,8.1437,8.8982,86.269,69.5734,68.0375,0
2026-07-26 10:20:00,1220.8538,317.6648,36.4358,22.6046,7.7445,8.8074,85.749,67.3841,68.0,0
2026-07-26 10:21:00,1211.2624,329.4414,33.8825,21.2153,8.3007,8.04,83.019,69.8585,67.9625,1
2026-07-26 10:22:00,1220.0288,330.4653,38.6208,22.3573,7.3579,8.6457,86.847,68.3642,67.925,0
2026-07-26 10:23:00,1241.0616,315.1539,38.8773,21.224,7.7408,8.1382,86.754,69.5507,67.8875,0
2026-07-26 10:24:00,1209.6988,321.1116,34.9731,22.3213,7.5226,8.5149,86.633,69.6648,67.85,1
2026-07-26 10:25:00,1191.3572,312.196,33.3644,21.1584,8.1351,7.9199,85.203,68.2614,67.8125,0
2026-07-26 10:26:00,1204.1839,309.8974,32.5015,20.6439,8.4185,8.3202,87.26,68.6511,67.775,0
2026-07-26 10:27:00,1215.5478,324.3738,35.1845,22.5463,8.1718,8.2592,86.187,69.3809,67.7375,0
2026-07-26 10:28:00,1194.1955,314.8215,32.6203,21.633,7.5789,8.4052,80.549,65.754,67.7,1
2026-07-26 10:29:00,1204.708,316.9509,36.9168,20.6551,7.9667,8.7994,82.421,67.5326,67.6625,0
2026-07-26 10:30:00,1224.7208,317.6866,37.7269,20.9315,8.0025,7.0835,82.618,66.84,67.625,0
2026-07-26 10:31:00,1214.619,314.968,37.0357,21.7217,8.0858,8.6811,83.15,66.9524,67.5875,0
2026-07-26 10:32:00,1196.2288,313.8468,32.0829,21.214,8.345,7.6534,84.419,68.5795,67.55,0
2026-07-26 10:33:00,1201.8378,311.4878,31.8455,20.5455,8.3957,8.2381,85.085,67.6251,67.5125,0
2026-07-26 10:34:00,1201.6378,310.9027,33.4593,21.1539,7.7531,7.0936,81.014,65.5072,67.475,1
2026-07-26 10:35:00,1226.7529,328.9086,36.54,23.0776,7.8994,9.0022,84.291,67.3675,67.4375,0
2026-07-26 10:36:00,1214.6122,309.1841,37.2568,20.9887,7.7148,7.4959,82.65,66.8742,67.4,0
2026-07-26 10:37:00,1218.3609,315.7245,36.0768,21.3766,7.9251,7.9732,84.244,67.5523,67.3625,0
2026-07-26 10:38:00,1231.737,309.8205,36.1226,21.8708,8.0007,8.6452,84.746,68.1825,67.325,0
2026-07-26 10:39:00,1235.6077,321.9538,36.7152,21.7764,7.6938,8.564,85.314,68.1815,67.2875,0
2026-07-26 10:40:00,1198.0173,310.3795,34.4777,21.7881,7.9148,8.6508,85.744,68.5686,67.25,0
2026-07-26 10:41:00,1220.5138,318.7556,36.5404,21.6081,8.055,8.3102,85.147,67.2947,67.2125,0
2026-07-26 10:42:00,1244.6225,318.6157,34.5368,21.5266,7.8969,7.8634,85.784,68.9467,67.175,1
2026-07-26 10:43:00,1206.1235,304.2486,32.7898,20.2489,8.0321,7.7635,83.707,66.5517,67.1375,0
2026-07-26 10:44:00,1212.2231,311.8777,34.5806,20.3851,8.0488,7.6407,85.172,68.1863,67.1,0
2026-07-26 10:45:00,1198.1945,321.5901,30.7875,21.787,8.5794,8.7415,82.743,65.5828,67.0625,0
2026-07-26 10:46:00,1176.0766,308.4726,29.6026,21.0763,8.2467,8.5766,83.181,65.7941,67.025,0
2026-07-26 10:47:00,1188.5475,317.7286,33.3273,21.0134,7.7193,7.6742,83.492,65.1731,66.9875,1
2026-07-26 10:48:00,1209.1662,321.1713,33.8646,21.4874,7.8414,8.5013,78.974,63.2197,66.95,1
2026-07-26 10:49:00,1222.8443,308.2154,36.5788,20.802,7.9446,7.8996,84.267,66.8173,66.9125,0
2026-07-26 10:50:00,1221.0502,317.5451,32.7862,20.6878,7.7183,8.0357,85.667,68.93,66.875,1
2026-07-26 10:51:00,1201.5294,310.189,35.2779,20.7609,7.7796,8.3934,80.272,65.5399,66.8375,0
2026-07-26 10:52:00,1182.3762,315.3413,33.6763,20.4128,7.8712,8.2548,81.691,65.4043,66.8,0
2026-07-26 10:53:00,1189.3936,317.1614,34.3029,21.2755,8.5268,7.7583,85.743,68.0972,66.7625,0
2026-07-26 10:54:00,1229.2957,310.7156,37.958,21.0777,8.021,8.3288,85.089,66.8175,66.725,0
2026-07-26 10:55:00,1207.8529,312.3032,35.9409,21.7553,7.7489,8.6305,83.944,67.0538,66.6875,0
2026-07-26 10:56:00,1220.4488,321.5565,36.4033,20.8545,7.6906,8.06,84.948,67.791,66.65,0
2026-07-26 10:57:00,1210.7907,317.3146,35.8065,21.0293,7.6474,8.16,84.119,68.1613,66.6125,0
2026-07-26 10:58:00,1213.7274,311.0903,34.4458,21.4666,8.0567,8.5724,86.6,67.5539,66.575,0
2026-07-26 10:59:00,1212.8375,311.9333,36.192,21.4467,7.9158,7.8586,82.661,67.0396,66.5375,0
2026-07-26 11:00:00,1220.5413,314.6172,33.7054,21.1833,7.7249,8.6158,83.702,66.9838,66.5,0
2026-07-26 11:01:00,1259.3514,310.4535,40.2191,22.016,7.7734,8.3307,89.444,70.8271,66.4625,1
2026-07-26 11:02:00,1192.1961,301.4322,32.774,20.2299,8.4038,7.8049,82.134,66.1347,66.425,0
2026-07-26 11:03:00,1220.5106,315.5639,34.0892,21.8579,8.1845,7.9898,86.612,68.7179,66.3875,1
2026-07-26 11:04:00,1194.12,309.8444,34.9604,21.5012,8.0096,8.2658,78.439,64.6408,66.35,1
2026-07-26 11:05:00,1210.1386,311.2815,34.5776,20.2897,8.3705,7.7484,83.244,66.8655,66.3125,0
2026-07-26 11:06:00,1220.5967,304.7447,36.6956,20.9722,7.9811,7.9247,84.557,66.9798,66.275,0
2026-07-26 11:07:00,1240.4127,315.8759,40.6429,21.643,7.7299,7.5366,78.803,66.4061,66.2375,0
2026-07-26 11:08:00,1195.6689,313.0341,36.0122,20.6523,8.127,8.1579,81.61,67.1621,66.2,0
2026-07-26 11:09:00,1204.2918,312.437,32.5645,22.0714,7.7997,7.9721,84.336,67.1928,66.1625,0
2026-07-26 11:10:00,1206.1088,316.7473,34.677,21.4136,8.3986,8.0332,80.979,66.782,66.125,0
2026-07-26 11:11:00,1204.7701,309.1854,34.3576,21.8938,8.0831,8.4715,79.152,64.0666,66.0875,1
2026-07-26 11:12:00,1212.8818,308.5212,31.9798,20.2685,8.1663,7.5178,85.143,67.0756,66.05,0
2026-07-26 11:13:00,1221.6892,303.5985,33.9223,20.3069,8.2421,7.4,81.651,67.2234,66.0125,0
2026-07-26 11:14:00,1207.0188,308.465,37.1034,21.2862,7.6129,8.376,82.864,65.348,65.975,0
2026-07-26 11:15:00,1225.8842,303.5622,38.1521,20.4722,7.604,7.2141,85.15,68.0633,65.9375,1
2026-07-26 11:16:00,1216.5802,297.9428,33.1327,20.9167,8.2178,7.9692,83.33,66.7528,65.9,0
2026-07-26 11:17:00,1215.3423,297.7186,33.2262,20.0612,8.2365,7.5397,80.621,66.7834,65.8625,0
2026-07-26 11:18:00,1215.9894,303.3724,31.1388,19.6073,7.9047,7.5366,81.823,64.902,65.825,0
2026-07-26 11:19:00,1216.2148,301.4324,35.2795,21.1143,7.944,7.7718,80.401,65.8192,65.7875,0
2026-07-26 11:20:00,1249.4642,307.7442,37.9829,20.8219,7.5994,7.6744,82.014,66.1156,65.75,0
2026-07-26 11:21:00,1206.5039,301.9839,32.334,20.5896,8.0608,8.1709,81.974,64.1759,65.7125,0
2026-07-26 11:22:00,1247.189,307.9719,36.7341,20.8302,7.6428,8.4545,82.547,67.2687,65.675,0
2026-07-26 11:23:00,1239.0019,307.2353,36.5579,21.3037,8.0975,7.7951,81.965,66.3282,65.6375,0
2026-07-26 11:24:00,1211.3253,312.8841,35.2362,21.6555,8.0378,8.4739,80.135,65.6897,65.6,0
2026-07-26 11:25:00,1206.7234,297.0642,35.561,18.8225,7.7137,7.3699,80.748,66.2581,65.5625,0
2026-07-26 11:26:00,1221.068,315.613,35.7881,21.6794,8.056,8.7352,81.914,65.7501,65.525,0
2026-07-26 11:27:00,1219.8437,299.3851,33.0478,19.5295,8.1155,8.1457,83.137,66.0102,65.4875,0
2026-07-26 11:28:00,1210.4194,303.8038,38.6365,20.7834,7.7691,7.9611,82.785,66.5598,65.45,0
2026-07-26 11:29:00,1217.9351,299.3836,33.4046,20.3349,7.7408,7.7869,81.914,66.0454,65.4125,0
2026-07-26 11:30:00,1202.6261,296.6946,36.5248,20.5534,7.628,7.6274,81.331,65.1116,65.375,0
2026-07-26 11:31:00,1212.1138,300.2429,35.6913,19.532,7.8917,7.7526,84.136,66.4211,65.3375,0
2026-07-26 11:32:00,1199.1245,303.7883,30.8045,20.6026,8.0217,8.0318,79.148,64.355,65.3,0
2026-07-26 11:33:00,1212.1216,300.6753,36.9138,21.4796,7.7691,8.1222,83.034,65.2753,65.2625,0
2026-07-26 11:34:00,1226.6276,299.9367,38.3497,21.579,7.9293,7.9386,78.921,64.3465,65.225,0
2026-07-26 11:35:00,1194.4043,302.3572,34.8335,19.9178,8.1832,7.3993,78.972,63.8911,65.1875,0
2026-07-26 11:36:00,1200.4,299.495,33.7006,20.1396,8.0397,6.8975,83.434,65.7811,65.15,0
2026-07-26 11:37:00,1195.5717,301.8546,33.5489,19.9231,7.9918,6.5651,80.714,64.5265,65.1125,0
2026-07-26 11:38:00,1195.3823,291.1608,32.485,19.7522,7.6966,7.3497,79.656,63.6265,65.075,0
2026-07-26 11:39:00,1234.3925,304.0075,36.2317,21.2911,7.9002,7.8189,79.775,65.2583,65.0375,0
2026-07-26 11:40:00,1199.5042,303.0164,33.6055,21.1727,7.9609,8.2239,80.484,63.9056,65.0,0
2026-07-26 11:41:00,1223.4397,304.7172,39.3267,20.3941,7.6354,7.8447,84.672,66.6241,65.0,0
2026-07-26 11:42:00,1199.7794,295.4743,33.334,19.7987,8.2433,7.2794,79.913,64.1468,65.0,0
2026-07-26 11:43:00,1235.6456,298.9861,36.8005,19.625,7.5611,7.3794,83.565,65.8823,65.0,0
2026-07-26 11:44:00,1211.7332,298.2483,35.9469,19.9958,8.1067,7.3886,81.189,65.1033,65.0,0
2026-07-26 11:45:00,1218.5132,288.4434,33.1283,20.0515,7.8533,8.0743,80.143,65.6618,65.0,0
2026-07-26 11:46:00,1213.9226,296.7888,38.0338,20.3775,7.4538,7.918,82.15,65.8763,65.0,0
2026-07-26 11:47:00,1199.1935,306.7236,35.0807,21.4056,7.7625,8.1596,79.383,63.1083,65.0,1
2026-07-26 11:48:00,1236.762,294.5013,37.3461,20.5501,7.5796,8.2278,83.623,66.4206,65.0,0
2026-07-26 11:49:00,1222.6355,296.6199,36.1748,20.774,7.8957,8.483,81.872,65.4513,65.0,0
2026-07-26 11:50:00,1198.2911,302.0597,32.275,21.0249,8.6027,8.3819,78.625,63.0506,65.0,1
2026-07-26 11:51:00,1209.1391,298.6065,35.1932,19.9476,8.3933,7.6964,81.923,64.49,65.0,0
2026-07-26 11:52:00,1215.408,306.9277,35.5457,21.2647,7.8837,8.1913,82.488,65.1861,65.0,0
2026-07-26 11:53:00,1229.2238,299.6907,36.6303,19.8902,7.8461,7.4059,80.551,65.3564,65.0,0
2026-07-26 11:54:00,1213.7403,304.4778,34.7748,19.668,8.3249,7.5009,79.452,64.407,65.0,0
2026-07-26 11:55:00,1192.8476,297.98,37.2225,19.4537,8.1033,7.4158,81.548,64.7329,65.0,0
2026-07-26 11:56:00,1247.5228,309.2266,35.8249,20.9837,7.7377,7.822,81.716,66.8227,65.0,1
2026-07-26 11:57:00,1237.6459,295.9682,34.8739,20.6157,8.1338,7.882,84.144,67.7717,65.0,1
2026-07-26 11:58:00,1203.7077,305.6191,33.3691,21.1357,8.17,8.1138,80.865,65.1695,65.0,0
2026-07-26 11:59:00,1223.3117,302.4292,35.3269,19.7848,8.2521,7.8934,82.011,66.5548,65.0,0
2026-07-26 12:00:00,1222.4605,296.2871,34.7627,20.0798,8.65,7.6327,82.949,64.8043,65.0,0
2026-07-26 12:01:00,1214.3694,305.1112,35.5041,21.1943,7.9333,8.4408,83.411,66.5339,65.0,0
2026-07-26 12:02:00,1226.033,309.8664,38.3322,21.2456,7.9785,8.5083,80.201,64.9652,65.0,0
2026-07-26 12:03:00,1245.5912,296.8872,36.9473,20.1279,7.8985,7.048,81.948,67.166,65.0,1
2026-07-26 12:04:00,1212.371,299.7721,34.0286,20.0962,8.1048,7.7587,82.182,66.6998,65.0,1
2026-07-26 12:05:00,1200.3659,299.9891,31.5731,20.0212,8.0006,7.4064,81.122,64.4685,65.0,0
2026-07-26 12:06:00,1203.011,291.9827,33.3858,20.03,8.0173,7.4355,80.304,64.7469,65.0,0
2026-07-26 12:07:00,1219.3522,302.3046,33.6909,21.3558,8.2023,7.2264,81.826,65.7101,65.0,0
2026-07-26 12:08:00,1202.6292,293.6697,33.6686,20.9952,7.8699,8.5317,78.911,63.3049,65.0,1
2026-07-26 12:09:00,1217.8471,300.2225,34.1888,19.617,8.1414,7.5677,77.992,63.818,65.0,0
2026-07-26 12:10:00,1230.0321,296.5947,35.7187,20.4099,8.0266,7.8011,82.044,65.2402,65.0,0
2026-07-26 12:11:00,1221.4144,303.4464,35.3822,21.687,7.9268,8.4409,80.012,63.4889,65.0,0
2026-07-26 12:12:00,1207.3073,298.227,32.6251,19.4682,8.6488,7.6666,81.652,64.6706,65.0,0
2026-07-26 12:13:00,1197.3813,296.5154,32.5417,20.3261,8.3884,7.7229,78.99,64.0524,65.0,0
2026-07-26 12:14:00,1199.5274,290.1555,32.4436,20.6857,8.3486,7.4129,78.127,63.0063,65.0,1
2026-07-26 12:15:00,1227.7104,313.033,36.4363,21.9506,8.1826,8.2023,81.102,64.4431,65.0,0
2026-07-26 12:16:00,1221.793,292.0932,35.1124,20.726,8.0249,6.9213,81.558,64.7949,65.0,0
2026-07-26 12:17:00,1220.256,299.5611,35.2089,20.5405,7.8948,6.9872,81.434,65.2612,65.0,0
2026-07-26 12:18:00,1234.6348,297.8335,37.3793,20.4637,8.0029,7.6067,82.472,65.4025,65.0,0
2026-07-26 12:19:00,1242.6194,307.8694,37.2299,21.9088,7.9469,8.641,80.079,64.7849,65.0,0
2026-07-26 12:20:00,1199.5756,299.9383,35.6422,20.6515,8.1519,7.3986,82.334,66.5963,65.0,0
2026-07-26 12:21:00,1221.401,297.0535,35.7416,20.8383,8.0037,7.6714,80.364,64.9021,65.0,0
2026-07-26 12:22:00,1246.434,302.8778,35.283,21.3477,7.9308,8.1743,83.831,66.8218,65.0,1
2026-07-26 12:23:00,1212.4945,288.0228,32.0144,19.5116,8.0668,7.8271,78.647,64.5435,65.0,0
2026-07-26 12:24:00,1207.4494,297.4601,35.0977,20.6656,7.7058,8.1606,80.988,66.276,65.0,0
2026-07-26 12:25:00,1201.6698,307.7659,31.7525,21.6489,7.9066,8.4508,79.588,63.6324,65.0,0
2026-07-26 12:26:00,1185.6867,288.3469,29.0,20.1422,8.6668,7.6431,77.62,62.5904,65.0,1
2026-07-26 12:27:00,1183.2938,301.2633,34.7999,20.8423,8.0237,7.7016,74.545,63.0673,65.0,1
2026-07-26 12:28:00,1214.3477,301.0686,34.4706,21.1181,8.099,8.2897,75.087,60.6715,65.0,1
2026-07-26 12:29:00,1233.9019,297.2386,35.2684,21.0694,7.8092,9.0527,80.994,65.0431,65.0,0
2026-07-26 12:30:00,1222.4767,304.1387,33.7055,21.2006,7.93,7.797,84.509,66.9592,65.0,1
2026-07-26 12:31:00,1203.5323,292.9451,33.0739,20.2971,8.2351,8.0109,77.422,62.2322,65.0,1
2026-07-26 12:32:00,1179.3524,299.7388,32.6964,20.242,8.181,7.8362,79.354,63.3141,65.0,1
2026-07-26 12:33:00,1200.5823,307.5522,35.188,21.0884,8.3495,7.066,80.096,64.3866,65.0,0
2026-07-26 12:34:00,1230.8072,297.094,36.1432,20.8883,7.371,7.7523,81.271,64.774,65.0,0
2026-07-26 12:35:00,1207.7283,292.2211,34.8535,19.9997,8.0394,7.147,81.442,65.2325,65.0,0
2026-07-26 12:36:00,1220.0908,301.7265,36.9121,20.6994,7.9634,8.0919,79.273,64.6114,65.0,0
2026-07-26 12:37:00,1215.5473,302.3231,36.3486,20.9768,7.7871,7.453,80.946,65.5441,65.0,0
2026-07-26 12:38:00,1205.2623,301.7193,32.6306,19.9023,8.2935,7.8083,82.153,66.2761,65.0,0
2026-07-26 12:39:00,1213.3789,298.1288,35.511,20.0024,7.8723,7.437,79.603,65.3116,65.0,0
2026-07-26 12:40:00,1221.313,304.445,32.6514,20.9095,8.1429,7.8775,79.714,63.4618,65.0,0
2026-07-26 12:41:00,1255.1416,301.4957,41.6743,21.4497,8.0348,8.7857,84.637,67.7275,65.0,1
2026-07-26 12:42:00,1199.6117,294.2069,32.3854,20.1138,7.8792,8.516,78.046,63.5586,65.0,0
2026-07-26 12:43:00,1219.3974,301.7391,33.8784,21.35,8.179,7.759,85.283,67.6002,65.0,1
2026-07-26 12:44:00,1193.1286,292.9687,33.4188,20.3107,7.9566,7.1859,77.563,62.3644,65.0,1
2026-07-26 12:45:00,1208.537,302.3215,36.3832,20.7231,7.6039,7.8852,82.607,65.3225,65.0,0
2026-07-26 12:46:00,1219.9965,300.7519,37.8507,20.7673,7.9288,8.4429,81.094,65.2201,65.0,0
2026-07-26 12:47:00,1230.1145,302.9077,40.0782,20.7782,7.1073,7.6082,84.095,65.895,65.0,0
2026-07-26 12:48:00,1197.3898,295.7857,36.3857,20.2642,8.0012,7.9461,80.727,65.3914,65.0,0
2026-07-26 12:49:00,1201.471,301.7025,35.3821,20.5876,7.5888,7.6761,81.501,64.5643,65.0,0
2026-07-26 12:50:00,1205.9943,315.2255,34.0266,21.1321,8.0176,7.4634,83.61,65.5985,65.0,0
2026-07-26 12:51:00,1201.2206,298.2432,34.7955,21.0562,7.8086,8.1517,80.417,64.3309,65.0,0
2026-07-26 12:52:00,1212.7783,298.2639,33.8219,20.2957,8.2721,7.0804,80.314,65.0655,65.0,0
2026-07-26 12:53:00,1222.1875,297.6717,32.324,19.9675,8.1748,7.1808,80.873,64.7057,65.0,0
2026-07-26 12:54:00,1201.6223,305.0375,38.2591,20.442,7.8809,7.8745,80.091,64.2048,65.0,0
2026-07-26 12:55:00,1231.276,308.1133,37.4345,21.2235,7.4815,7.7319,82.589,67.1066,65.0,1
2026-07-26 12:56:00,1216.1259,297.4539,33.2179,20.5083,8.3838,7.8971,82.991,65.377,65.0,0
2026-07-26 12:57:00,1216.7573,293.0167,32.9742,19.9672,7.9257,7.578,79.728,64.8995,65.0,0
2026-07-26 12:58:00,1215.4346,297.986,31.9461,19.766,8.4919,7.655,79.981,63.9244,65.0,0
2026-07-26 12:59:00,1218.0881,296.577,36.4019,20.5206,7.6511,7.8411,82.357,65.1656,65.0,0
2026-07-26 13:00:00,1247.6091,302.451,36.9531,20.1976,8.1451,8.5796,84.911,67.1689,65.0,1
2026-07-26 13:01:00,1206.0831,297.5399,33.627,20.5938,8.2833,8.3233,81.038,64.4414,65.0,0
2026-07-26 13:02:00,1247.7465,297.684,37.2328,19.3659,8.1316,7.4823,84.131,66.2715,65.0,0
2026-07-26 13:03:00,1250.109,297.4889,35.4337,20.888,7.7096,8.1875,81.071,66.0581,65.0,0
2026-07-26 13:04:00,1214.3058,308.9765,34.7633,21.3436,7.9023,8.1915,80.068,65.2071,65.0,0
2026-07-26 13:05:00,1213.3593,290.6029,35.4528,19.7342,7.9678,7.3945,82.044,65.2229,65.0,0
2026-07-26 13:06:00,1217.9678,308.5358,37.0238,20.8381,8.0325,8.0258,81.349,64.9754,65.0,0
2026-07-26 13:07:00,1216.5985,296.8004,34.9141,20.0643,8.4722,7.7946,80.5,64.4764,65.0,0
2026-07-26 13:08:00,1214.1839,306.3575,37.3208,21.25,7.8029,7.873,81.218,65.6372,65.0,0
2026-07-26 13:09:00,1208.6646,292.0186,33.7023,19.9241,8.06,7.3192,81.539,66.0112,65.0,0
2026-07-26 13:10:00,1201.2753,294.7111,35.7015,20.9099,7.8569,8.1596,80.797,63.7153,65.0,0
2026-07-26 13:11:00,1213.2619,297.5762,37.8355,20.1548,8.1122,7.4385,82.18,65.3844,65.0,0
2026-07-26 13:12:00,1197.1982,296.2384,32.8899,20.6953,7.9554,7.5518,81.767,63.7646,65.0,0
2026-07-26 13:13:00,1210.6321,296.6473,37.7371,21.0269,7.642,7.6174,82.178,66.4253,65.0,0
2026-07-26 13:14:00,1229.9325,294.6837,36.5771,19.948,8.0707,7.7109,80.169,63.8917,65.0,0
2026-07-26 13:15:00,1190.9834,297.6067,33.8021,20.6483,7.9882,7.6857,80.838,63.8756,65.0,0
2026-07-26 13:16:00,1206.765,299.7471,36.1778,20.0135,8.381,7.3855,81.171,64.8653,65.0,0
2026-07-26 13:17:00,1198.3453,303.9727,33.996,19.7371,8.0692,7.9237,77.884,63.1504,65.0,1
2026-07-26 13:18:00,1192.7,296.3264,34.725,20.4174,7.4875,6.7916,78.092,63.824,65.0,0
2026-07-26 13:19:00,1228.4375,300.8163,37.6071,20.6656,7.725,7.1476,81.389,64.6474,65.0,0
2026-07-26 13:20:00,1202.2296,301.083,32.5397,20.8359,7.7082,8.1061,79.23,63.7643,65.0,0
2026-07-26 13:21:00,1219.2135,305.3271,39.6378,20.3126,7.6662,7.6395,82.953,67.0548,65.0,1
2026-07-26 13:22:00,1200.8233,300.3476,32.3691,20.6375,8.0557,7.9026,80.629,64.2082,65.0,0
2026-07-26 13:23:00,1236.1712,299.8663,35.6571,19.7754,7.8816,7.8276,82.511,66.6908,65.0,1
2026-07-26 13:24:00,1213.3202,290.6306,36.3759,19.6354,7.511,7.0725,81.413,64.1856,65.0,0
2026-07-26 13:25:00,1215.4178,294.6187,34.5589,20.7724,8.1266,7.9324,80.289,64.9729,65.0,0
2026-07-26 13:26:00,1216.5269,300.2084,36.4457,19.821,7.6184,7.6014,82.683,66.1681,65.0,0
2026-07-26 13:27:00,1199.8342,300.6596,35.2189,20.9135,8.4724,7.5464,80.752,64.2174,65.0,0
2026-07-26 13:28:00,1235.7314,292.6075,36.1108,19.3899,8.2705,6.9916,83.659,66.1637,65.0,0
2026-07-26 13:29:00,1224.2012,303.6034,37.0574,20.9224,7.5034,7.948,82.465,64.3813,65.0,0
2026-07-26 13:30:00,1198.8792,299.8002,31.7335,20.0018,8.2447,7.9224,78.203,63.5966,65.0,0
2026-07-26 13:31:00,1210.8048,298.9084,33.9286,19.8498,7.9951,7.9251,79.704,65.243,65.0,0
2026-07-26 13:32:00,1213.3678,301.718,35.2084,19.7413,8.1666,7.6037,80.771,64.2061,65.0,0
2026-07-26 13:33:00,1236.4318,299.8347,37.4035,20.6668,7.8467,7.9651,80.548,64.6079,65.0,0
2026-07-26 13:34:00,1214.128,300.6917,34.727,19.7087,8.0734,7.4136,80.981,65.3435,65.0,0
2026-07-26 13:35:00,1195.5346,293.5003,34.8546,20.1614,7.7298,7.1857,79.747,64.6579,65.0,0
2026-07-26 13:36:00,1242.7633,306.9298,36.3907,20.8515,7.5525,7.6114,84.662,66.8614,65.0,1
2026-07-26 13:37:00,1232.1084,294.491,36.7487,19.1554,7.4309,6.6884,84.036,66.2349,65.0,0
2026-07-26 13:38:00,1209.4756,303.3549,33.1497,20.5304,8.3163,8.2173,82.982,65.3353,65.0,0
2026-07-26 13:39:00,1222.9582,295.595,36.3584,19.6972,8.0019,7.5249,83.329,66.4305,65.0,0
2026-07-26 13:40:00,1227.1904,295.6248,35.5892,20.4031,8.0757,7.2472,81.992,63.868,65.0,0
2026-07-26 13:41:00,1213.276,314.3081,35.2137,21.5039,7.9355,8.4781,82.807,66.5353,65.0,0
2026-07-26 13:42:00,1224.5517,312.0595,38.6639,21.9885,7.8037,8.3553,83.079,65.0911,65.0,0
2026-07-26 13:43:00,1243.6506,302.0059,38.2255,20.7835,7.5824,7.9952,81.762,66.6872,65.0,1
2026-07-26 13:44:00,1214.2886,304.7598,33.7111,20.8576,8.1843,8.4547,81.686,65.7484,65.0,0
2026-07-26 13:45:00,1194.6515,298.053,32.897,20.5939,7.8548,8.2587,80.586,64.854,65.0,0
2026-07-26 13:46:00,1205.5629,296.0749,33.8294,20.3915,7.9656,7.4079,79.846,65.9612,65.0,0
2026-07-26 13:47:00,1215.367,302.8608,33.8216,20.5827,8.0039,8.0641,85.227,66.4812,65.0,0
2026-07-26 13:48:00,1199.8738,299.2358,32.6815,20.7281,7.9987,8.3211,80.701,64.2132,65.0,0
2026-07-26 13:49:00,1208.5396,304.789,36.1153,20.9313,7.7002,8.5651,81.061,64.6704,65.0,0
2026-07-26 13:50:00,1236.1743,298.0869,35.8362,20.6207,8.0032,7.5786,81.17,64.7363,65.0,0
2026-07-26 13:51:00,1211.9746,300.115,36.8647,19.9059,7.8917,7.7154,81.242,64.6551,65.0,0
2026-07-26 13:52:00,1202.1859,299.151,32.1495,20.4084,8.1465,7.183,82.841,64.7638,65.0,0
2026-07-26 13:53:00,1196.4005,299.9382,32.4746,20.9253,8.1512,8.1979,83.464,65.3649,65.0,0
2026-07-26 13:54:00,1204.6979,287.3247,33.1008,19.9773,8.142,7.2967,79.271,63.6853,65.0,0
2026-07-26 13:55:00,1228.2599,318.0217,36.739,22.0131,7.7883,7.9636,80.793,64.5537,65.0,0
2026-07-26 13:56:00,1216.8849,292.1137,36.511,20.3286,7.4229,7.9817,80.642,64.5292,65.0,0
2026-07-26 13:57:00,1224.6714,300.0162,35.1007,20.6822,8.0489,7.3775,82.638,65.6247,65.0,0
2026-07-26 13:58:00,1229.6014,296.3521,37.3045,20.7648,7.3825,8.6994,82.766,66.2826,65.0,0
2026-07-26 13:59:00,1242.1062,305.1484,36.9708,20.4154,8.0284,7.9553,80.958,64.4767,65.0,0
2026-07-26 14:00:00,1198.0798,293.2632,35.6576,20.4278,8.0,8.1464,85.09,67.2427,65.0,1
2026-07-26 14:01:00,1216.1269,300.8137,33.727,20.6607,7.8152,7.4586,82.004,64.6886,65.0,0
2026-07-26 14:02:00,1243.2646,303.6258,34.5339,20.605,7.8136,7.7989,84.223,67.0144,65.0,1
2026-07-26 14:03:00,1205.4573,286.1139,32.4495,19.7001,8.0502,8.7639,79.335,63.6752,65.0,0
2026-07-26 14:04:00,1210.2151,294.0193,32.6361,20.237,8.3377,7.401,82.013,65.6713,65.0,0
2026-07-26 14:05:00,1201.1633,305.3342,31.1084,20.2446,8.4616,7.9517,78.765,62.9614,65.0,1
2026-07-26 14:06:00,1186.6409,286.0285,29.0,19.1507,8.7775,7.8171,78.697,62.3789,65.0,1
2026-07-26 14:07:00,1193.9186,299.9434,34.2111,20.9579,8.216,8.471,78.859,62.9607,65.0,1
2026-07-26 14:08:00,1208.8571,305.9605,32.8178,20.4921,7.8909,8.2857,76.939,60.3726,65.0,1
2026-07-26 14:09:00,1231.2191,293.6576,35.4208,20.5283,7.7346,7.8785,80.38,64.4364,65.0,0
2026-07-26 14:10:00,1220.2558,302.562,33.3601,21.0309,8.5668,7.899,81.599,66.0938,65.0,0
2026-07-26 14:11:00,1201.4143,297.9397,32.0713,20.6207,8.5143,7.419,78.275,61.8968,65.0,1
2026-07-26 14:12:00,1178.7784,303.9219,33.2058,20.8391,8.1603,8.5071,76.601,62.8137,65.0,1
2026-07-26 14:13:00,1201.6114,312.6949,36.0148,22.0335,8.3141,8.9127,82.2,65.0053,65.0,0
2026-07-26 14:14:00,1224.0479,296.5835,36.4891,20.5314,7.6105,7.6117,80.478,64.481,65.0,0
2026-07-26 14:15:00,1206.5517,289.2118,33.2737,20.4106,8.5422,7.4581,81.074,65.3449,65.0,0
2026-07-26 14:16:00,1218.1504,301.04,38.3351,21.0517,7.9208,8.0004,81.168,65.5076,65.0,0
2026-07-26 14:17:00,1216.9904,305.2616,35.9214,20.789,8.0512,8.0156,80.298,65.6963,65.0,0
2026-07-26 14:18:00,1212.0851,296.7865,33.7054,20.1886,7.9907,7.5137,82.242,67.5576,65.0,1
2026-07-26 14:19:00,1222.2483,305.5396,36.8096,20.8447,7.4982,8.319,80.718,64.9558,65.0,0
2026-07-26 14:20:00,1215.5537,303.4545,33.356,21.0037,8.1821,7.7447,79.865,63.3986,65.0,0
2026-07-26 14:21:00,1259.795,302.7802,41.1674,20.1976,8.1446,7.8308,84.159,68.1242,65.0,1
2026-07-26 14:22:00,1201.0878,294.5916,33.2884,19.3698,8.0329,7.0868,81.361,64.2398,65.0,0
2026-07-26 14:23:00,1215.2226,308.624,33.6635,21.0196,7.9164,7.8435,82.196,66.69,65.0,1
2026-07-26 14:24:00,1189.9095,295.3624,34.1186,19.5088,7.9734,7.1963,80.219,63.7717,65.0,0
2026-07-26 14:25:00,1215.4897,302.626,35.6095,20.3316,7.9787,8.2104,80.945,64.9699,65.0,0
2026-07-26 14:26:00,1228.7956,290.7268,37.0551,20.048,7.6197,7.0166,80.994,65.5003,65.0,0
2026-07-26 14:27:00,1234.2622,302.1198,38.9431,20.8244,7.915,8.226,80.824,65.8192,65.0,0
2026-07-26 14:28:00,1198.9115,301.1971,34.9702,21.3163,7.8116,8.3503,84.016,66.2453,65.0,0
2026-07-26 14:29:00,1201.0384,301.1598,32.0049,20.0239,8.4888,7.6961,80.432,64.5195,65.0,0
2026-07-26 14:30:00,1206.7005,311.0687,32.5816,20.4052,7.7766,7.8322,79.224,65.1529,65.0,0
2026-07-26 14:31:00,1204.3785,295.6105,32.8712,20.5712,8.3531,8.0672,76.677,61.8431,65.0,1
2026-07-26 14:32:00,1212.0461,301.4554,33.4225,19.9237,7.916,8.0946,79.253,64.562,65.0,0
2026-07-26 14:33:00,1218.8901,299.5547,32.2852,20.7296,8.2025,8.5709,80.675,64.9559,65.0,0
2026-07-26 14:34:00,1207.0624,301.7654,37.6215,19.7664,7.9139,6.6136,81.729,64.1962,65.0,0
2026-07-26 14:35:00,1226.5541,307.1152,37.3611,20.4733,7.8418,7.3877,84.151,66.5879,65.0,0
2026-07-26 14:36:00,1214.2063,293.1695,31.1797,20.3988,8.1316,8.0841,81.512,64.8157,65.0,0
2026-07-26 14:37:00,1217.9351,289.927,32.3567,19.1028,8.4492,7.4867,81.387,65.442,65.0,0
2026-07-26 14:38:00,1227.4856,300.4604,33.5937,20.473,7.8661,7.9088,80.612,63.7385,65.0,0
2026-07-26 14:39:00,1219.1222,294.924,35.3129,20.3459,8.2772,7.8176,81.525,64.5893,65.0,0
2026-07-26 14:40:00,1248.6195,300.9841,37.3851,19.9192,7.2789,7.7715,85.452,67.5165,65.0,1
2026-07-26 14:41:00,1213.8765,298.5968,32.7165,20.5829,8.1926,7.5162,77.969,63.505,65.0,0
2026-07-26 14:42:00,1241.907,306.1418,36.5463,21.4096,7.5493,8.4471,82.783,65.8955,65.0,0
2026-07-26 14:43:00,1238.2609,301.424,37.5014,20.5122,7.8337,7.9367,83.846,66.0223,65.0,0
2026-07-26 14:44:00,1211.681,302.4961,37.3721,20.5627,7.5043,8.0595,79.365,64.677,65.0,0
2026-07-26 14:45:00,1219.1314,294.5254,36.819,20.7104,7.6214,7.5992,82.121,65.6326,65.0,0
2026-07-26 14:46:00,1222.2741,310.1299,34.6353,20.4897,7.7738,8.2523,81.908,66.0038,65.0,0
2026-07-26 14:47:00,1221.2737,299.0785,35.2226,20.7721,7.8341,8.4378,82.093,66.2211,65.0,0
2026-07-26 14:48:00,1219.2809,306.444,37.9285,20.9008,7.3067,7.6983,81.277,65.4453,65.0,0
2026-07-26 14:49:00,1207.0282,298.4192,32.92,20.6656,8.1736,8.392,80.514,65.0461,65.0,0
2026-07-26 14:50:00,1203.3395,297.8076,37.3819,20.3164,7.759,7.7711,79.707,64.4381,65.0,0
2026-07-26 14:51:00,1209.2162,291.1644,36.5699,19.3703,7.8002,7.6381,81.725,65.399,65.0,0
2026-07-26 14:52:00,1195.5386,298.7487,32.3268,20.6394,8.2196,7.9278,81.33,64.6145,65.0,0
2026-07-26 14:53:00,1208.3571,300.6747,36.6956,20.7356,7.624,8.0546,81.857,65.9333,65.0,0
2026-07-26 14:54:00,1227.2473,299.7196,36.1737,20.1983,7.9519,7.4851,80.868,64.6683,65.0,0
2026-07-26 14:55:00,1190.1773,301.0905,32.5645,19.783,8.1989,7.4784,77.786,64.0214,65.0,0
2026-07-26 14:56:00,1206.096,300.8813,34.2816,20.669,8.2965,7.7452,80.805,63.6831,65.0,0
2026-07-26 14:57:00,1196.6257,301.2285,33.855,20.7302,8.28,8.203,78.722,63.0527,65.0,1
2026-07-26 14:58:00,1197.9509,300.4336,34.2596,19.7016,7.9699,7.3678,79.106,63.8955,65.0,0
2026-07-26 14:59:00,1227.7632,301.1509,37.5886,20.0005,7.9356,7.1337,78.423,65.3884,65.0,0
2026-07-26 15:00:00,1197.2096,302.1412,33.5195,19.4872,8.154,7.0829,80.871,64.2035,65.0,0
2026-07-26 15:01:00,1219.1738,303.0177,39.2822,20.837,7.7789,8.1488,82.6,67.0913,65.0,1
2026-07-26 15:02:00,1199.6618,296.8542,33.9447,20.3834,7.5696,7.9301,81.348,64.1474,65.0,0
2026-07-26 15:03:00,1234.777,297.8385,34.5827,20.0861,7.7771,7.1152,82.799,67.1874,65.0,1
2026-07-26 15:04:00,1211.2264,304.6301,36.2392,21.1195,7.9733,8.0051,78.646,64.7706,65.0,0
2026-07-26 15:05:00,1216.2603,296.4062,34.5591,21.2884,7.857,7.1726,81.959,64.8081,65.0,0
2026-07-26 15:06:00,1220.9997,299.6372,35.6128,20.1798,7.8076,7.9488,82.134,65.63,65.0,0
2026-07-26 15:07:00,1196.692,302.477,34.8001,20.1643,7.8288,8.4609,76.787,63.7007,65.0,0
2026-07-26 15:08:00,1237.5476,290.2303,34.669,20.4516,7.8225,8.2343,83.857,65.5034,65.0,0
2026-07-26 15:09:00,1223.5821,301.8738,37.0209,19.6615,7.9012,7.8231,81.903,66.4523,65.0,0
2026-07-26 15:10:00,1201.0554,294.4897,31.472,19.0187,8.5669,7.2298,76.051,63.4492,65.0,0
2026-07-26 15:11:00,1206.7129,296.6853,33.1941,20.7133,8.2497,7.2352,83.805,65.1528,65.0,0
2026-07-26 15:12:00,1219.835,303.6699,37.4401,20.6577,8.1216,8.3077,79.336,64.4525,65.0,0
2026-07-26 15:13:00,1228.8436,301.0113,34.2692,19.9154,7.7478,7.7869,78.271,63.9723,65.0,0
2026-07-26 15:14:00,1213.9465,300.6283,34.7962,20.2726,8.4848,7.551,82.064,65.767,65.0,0
2026-07-26 15:15:00,1190.4395,297.7795,36.3233,20.3151,8.0749,6.5588,78.78,62.9103,65.0,1
2026-07-26 15:16:00,1246.4252,309.6708,35.2679,21.0077,7.7044,7.4758,82.279,66.5654,65.0,0
2026-07-26 15:17:00,1234.0476,300.306,35.3397,20.7198,7.8909,7.6899,84.515,67.0263,65.0,1
2026-07-26 15:18:00,1211.746,303.2806,32.9961,20.445,8.352,7.7997,81.473,65.1106,65.0,0
2026-07-26 15:19:00,1231.5104,300.4514,34.9517,19.63,7.8655,7.2462,84.651,65.9514,65.0,0
2026-07-26 15:20:00,1221.0298,295.9615,36.8468,19.443,7.6458,7.1658,80.898,64.5911,65.0,0
2026-07-26 15:21:00,1220.7237,312.3245,34.3833,21.8217,7.7287,8.1846,82.195,66.4468,65.0,0
2026-07-26 15:22:00,1220.3209,309.2873,37.862,20.7662,7.791,8.1954,83.695,66.2558,65.0,0
2026-07-26 15:23:00,1251.3208,293.6879,38.4436,19.784,8.0637,7.6448,83.258,66.4943,65.0,0
2026-07-26 15:24:00,1212.0467,304.068,33.0935,19.4654,8.0663,7.1098,82.812,66.2562,65.0,0
2026-07-26 15:25:00,1199.3119,293.8746,32.0786,19.3811,8.0801,7.1968,80.693,64.8233,65.0,0
2026-07-26 15:26:00,1205.62,300.6578,33.6086,20.5651,8.3658,7.7738,83.553,65.5474,65.0,0
2026-07-26 15:27:00,1215.5552,302.8997,34.7916,20.3678,7.9858,8.0187,83.157,65.7404,65.0,0
2026-07-26 15:28:00,1198.8588,294.4068,31.7466,20.1689,8.257,7.4516,78.489,62.7798,65.0,1
2026-07-26 15:29:00,1212.3935,296.7409,36.6327,20.4847,7.781,8.9503,80.896,64.6921,65.0,0
2026-07-26 15:30:00,1227.3704,292.5705,35.3378,19.7587,7.5151,7.2766,78.558,63.7874,65.0,0
2026-07-26 15:31:00,1218.3928,303.3473,36.1731,21.965,8.0313,7.8763,80.313,65.4969,65.0,0
2026-07-26 15:32:00,1203.3961,303.4167,32.2883,20.4872,7.9806,7.6682,79.705,64.5959,65.0,0
2026-07-26 15:33:00,1198.0054,297.8196,32.9343,20.6904,8.4438,7.8623,80.303,64.4281,65.0,0
2026-07-26 15:34:00,1206.5956,289.9865,32.1124,20.017,7.8746,7.9903,77.447,62.5816,65.0,1
2026-07-26 15:35:00,1223.5305,310.3691,36.3206,22.0634,7.5932,8.5422,79.874,64.0084,65.0,0
2026-07-26 15:36:00,1215.3136,294.135,36.3073,19.945,8.1723,7.6437,82.627,64.709,65.0,0
2026-07-26 15:37:00,1222.3994,296.8926,36.5306,19.9902,8.0588,7.195,79.341,65.9474,65.0,0
2026-07-26 15:38:00,1229.4152,296.3659,38.2291,19.9673,7.6642,7.287,81.12,65.8098,65.0,0
2026-07-26 15:39:00,1243.283,304.627,35.9041,20.9962,7.771,8.1947,80.793,65.122,65.0,0
2026-07-26 15:40:00,1197.665,296.3427,34.4259,20.5537,7.844,8.3272,82.298,66.3675,65.0,0
2026-07-26 15:41:00,1226.8476,301.4113,34.2475,20.2087,8.2107,6.9785,81.105,64.75,65.0,0
2026-07-26 15:42:00,1246.2468,308.2866,34.2034,21.148,8.1466,7.831,82.892,66.1137,65.0,0
2026-07-26 15:43:00,1213.4855,294.5652,32.1647,19.3362,8.4578,7.4659,80.156,63.99,65.0,0
2026-07-26 15:44:00,1211.8799,295.1166,33.7993,20.9497,8.0448,7.9926,81.495,65.4182,65.0,0
2026-07-26 15:45:00,1195.6346,312.8737,30.8222,21.9023,8.1767,8.0592,81.167,63.1814,65.0,1
2026-07-26 15:46:00,1182.6014,293.7361,30.0701,20.4887,8.0835,7.8271,77.086,62.7764,65.0,1
2026-07-26 15:47:00,1195.2503,299.5112,33.7124,20.4063,7.9179,7.1105,77.982,63.6176,65.0,0
2026-07-26 15:48:00,1212.1672,308.4206,34.1506,20.7289,8.1178,7.6325,78.221,61.8848,65.0,1
2026-07-26 15:49:00,1232.0431,301.9193,35.8082,20.8761,7.6894,8.9096,80.334,64.3553,65.0,0
2026-07-26 15:50:00,1221.0662,310.3421,32.2968,20.8064,7.8902,7.0926,83.541,67.6569,65.0,1
2026-07-26 15:51:00,1209.6515,289.6415,32.7022,19.0824,8.1986,6.9733,79.237,63.2691,65.0,1
2026-07-26 15:52:00,1178.177,299.9558,33.1796,20.7437,8.0508,8.1047,78.172,62.5868,65.0,1
2026-07-26 15:53:00,1202.0052,305.8365,34.7277,20.9611,7.9211,8.4189,80.52,65.4411,65.0,0
2026-07-26 15:54:00,1222.7273,299.9215,37.0264,21.1984,7.7377,8.9319,81.801,65.746,65.0,0
2026-07-26 15:55:00,1208.5495,296.482,34.6565,19.8695,7.7891,8.1674,83.142,66.0444,65.0,0
2026-07-26 15:56:00,1217.756,301.6908,38.2833,21.0678,7.7023,8.4875,79.868,64.399,65.0,0
2026-07-26 15:57:00,1214.7519,302.8003,35.594,20.3682,7.8618,7.3216,83.893,65.4323,65.0,0
2026-07-26 15:58:00,1209.65,300.9408,32.0394,20.573,8.4335,8.6253,81.683,66.5785,65.0,0
2026-07-26 15:59:00,1214.7762,301.3799,36.7537,20.8088,8.0537,8.2324,80.537,65.3726,65.0,0
2026-07-26 16:00:00,1222.3565,303.683,35.4061,20.8022,7.7811,7.5378,80.893,63.7809,65.0,0
2026-07-26 16:01:00,1260.0,300.0394,41.7881,20.1108,7.3814,7.3824,85.539,67.9543,65.0,1
2026-07-26 16:02:00,1202.5336,290.6188,32.0498,20.3039,8.2363,8.3111,79.798,64.4106,65.0,0
2026-07-26 16:03:00,1227.5266,308.6669,32.1749,20.5107,8.1453,7.7453,85.619,67.6294,65.0,1
2026-07-26 16:04:00,1195.3103,293.1144,32.8745,20.7159,8.4407,8.0177,77.466,62.8429,65.0,1
2026-07-26 16:05:00,1213.6831,303.1568,34.6655,19.7162,7.7531,6.8962,81.715,64.6687,65.0,0
2026-07-26 16:06:00,1224.5686,296.5645,35.8539,20.7759,8.0349,7.6312,80.44,64.7884,65.0,0
2026-07-26 16:07:00,1232.5157,307.237,38.8604,20.6187,7.4524,8.1707,79.757,64.8065,65.0,0
2026-07-26 16:08:00,1195.782,302.4504,36.5517,20.4197,8.0665,7.6954,80.153,65.8716,65.0,0
2026-07-26 16:09:00,1200.9753,297.1666,32.7427,19.4357,8.1894,6.6517,80.509,64.1592,65.0,0
2026-07-26 16:10:00,1207.5947,308.8692,33.9489,20.9895,8.2626,7.4959,80.925,65.7092,65.0,0
2026-07-26 16:11:00,1204.8466,291.3885,34.9373,20.0398,7.9953,7.4983,81.496,63.0277,65.0,1
2026-07-26 16:12:00,1215.2064,295.6517,33.6745,20.5697,8.2304,7.4672,82.957,65.6673,65.0,0
2026-07-26 16:13:00,1214.7897,296.5251,33.64,20.808,8.1268,7.6555,81.497,65.5726,65.0,0
2026-07-26 16:14:00,1211.084,304.144,37.5558,20.6915,7.8524,7.8745,78.512,63.5286,65.0,0
2026-07-26 16:15:00,1233.4351,303.5045,37.5095,20.7509,8.1771,7.9076,85.499,66.7386,65.0,1
2026-07-26 16:16:00,1212.9152,289.7651,30.924,20.0263,8.5433,8.1836,81.776,64.2554,65.0,0
2026-07-26 16:17:00,1218.2624,293.6734,31.5484,20.2436,8.5422,8.1951,81.468,64.6961,65.0,0
2026-07-26 16:18:00,1218.0841,295.0294,32.4792,20.8651,8.3095,8.3623,77.797,63.2039,65.0,1
2026-07-26 16:19:00,1218.9113,297.5384,36.2867,20.4523,7.8701,7.4514,81.504,64.7695,65.0,0
2026-07-26 16:20:00,1240.7799,301.9809,38.7113,20.2356,7.58,7.8564,81.338,66.6798,65.0,1
2026-07-26 16:21:00,1208.3307,297.3003,33.4373,20.6213,8.0336,7.6217,78.554,63.3331,65.0,1
2026-07-26 16:22:00,1246.0672,304.6255,37.9072,19.9114,7.5698,8.2895,85.063,66.7991,65.0,1
2026-07-26 16:23:00,1248.6836,298.9643,37.0299,19.8188,7.7137,7.2124,80.753,65.4301,65.0,0
2026-07-26 16:24:00,1211.1666,309.24,35.0174,20.9782,8.0262,7.9109,80.201,65.4358,65.0,0
2026-07-26 16:25:00,1214.2237,293.9128,35.3343,20.0632,7.9614,7.9077,80.745,65.588,65.0,0
2026-07-26 16:26:00,1225.0452,309.639,37.4161,21.7746,7.8756,8.2166,79.18,64.9795,65.0,0
2026-07-26 16:27:00,1220.8652,295.8427,36.9064,20.2801,7.9481,7.2081,81.412,65.4055,65.0,0
2026-07-26 16:28:00,1216.6677,302.9187,37.884,20.5865,8.18,7.571,81.642,65.9783,65.0,0
2026-07-26 16:29:00,1213.4312,296.3617,32.0258,20.6436,8.131,8.6224,83.841,66.5231,65.0,0
2026-07-26 16:30:00,1198.4015,298.5295,36.1076,20.7063,7.5409,8.0628,81.7,64.364,65.0,0
2026-07-26 16:31:00,1220.0259,296.546,37.1063,20.5925,7.9525,8.0088,79.765,65.1139,65.0,0
2026-07-26 16:32:00,1201.9035,293.7479,31.0444,20.6196,8.3707,8.2382,80.291,63.7533,65.0,0
2026-07-26 16:33:00,1216.0825,301.5143,36.9601,20.9849,8.0417,8.252,85.031,65.7245,65.0,0
2026-07-26 16:34:00,1226.1027,297.4621,36.3687,20.3399,8.5241,6.9809,79.472,63.9636,65.0,0
2026-07-26 16:35:00,1186.1188,298.8841,34.357,20.1685,7.698,7.8115,80.861,64.1831,65.0,0
2026-07-26 16:36:00,1206.241,302.1173,35.1538,19.9896,7.7944,6.9853,81.531,64.6853,65.0,0
2026-07-26 16:37:00,1192.1249,301.5804,32.0099,20.9738,8.2449,8.5451,78.019,62.8717,65.0,1
2026-07-26 16:38:00,1192.4131,297.5552,34.2668,20.4125,8.1845,8.0571,78.499,64.1983,65.0,0
2026-07-26 16:39:00,1230.5723,301.9176,36.6779,21.0673,8.0703,7.8194,80.222,64.4638,65.0,0
